VERSION,CABLE TYPE,VENDOR,,,,,,,,,,,,,,,,,,,,,,,,,,,,,,,,,,,,,,,,,,,,,,,,,,,,
1.2,DAC_1M,GENERIC,,,,,,,,,,,,,,,,,,,,,,,,,,,,,,,,,,,,,,,,,,,,,,,,,,,,
,,,SPEED,ENCODING,,,,,,,,,SPEED,ENCODING,,,,,,,,,,,,,SPEED,ENCODING,,,,,,,SPEED,ENCODING,,,,,,,SPEED,ENCODING,,,,,,,,,,
,,,50G/400G,PAM4,,,,,,,,,25G/100G,NRZ,,,,,,,,,,,,,10G/40G,NRZ,,,,,,,LT 50G/400G ,PAM4,,,,,,,ANLT 25G/100G ,NRZ,,,,,,,,,,
index,Front Port,lane,TX_EQ_ATTN,TX_EQ_PRE1,TX_EQ_PRE2,TX_EQ_PRE3,TX_EQ_POST,RX_EQ_COARSE_TUNE_EFFORT_50G,RX_EQ_FINE_TUNE_EFFORT_50G,RX_GAINSHAPE1,RX_GAINSHAPE2,LINK_TRAINING,TX_EQ_ATTN,TX_EQ_PRE1,TX_EQ_PRE2,TX_EQ_PRE3,TX_EQ_POST,RX_GAINSHAPE1,RX_GAINSHAPE2,RX_AGC_TARGET,RX_EYE_DISQUALIFY_THRESHOLD_25G,RX_EQ_COARSE_TUNE_EFFORT_25G,RX_EQ_FINE_TUNE_EFFORT_25G,SD_RESET_THRESHOLD,SD_RESET_25G,LINK_TRAINING,TX_EQ_ATTN,TX_EQ_PRE1,TX_EQ_PRE2,TX_EQ_PRE3,TX_EQ_POST,RX_GAINSHAPE1,RX_GAINSHAPE2,LINK_TRAINING,RX_GAINSHAPE1,RX_GAINSHAPE2,RX_EQ_COARSE_TUNE_EFFORT_50G,RX_EQ_FINE_TUNE_EFFORT_50G,RX_CTLE_LF,RX_CTLE_HF,RX_CTLE_BW,LINK_TRAINING,RX_GAINSHAPE1,RX_GAINSHAPE2,RX_AGC_TARGET,RX_EYE_DISQUALIFY_THRESHOLD_25G,RX_EQ_COARSE_TUNE_EFFORT_25G,RX_EQ_FINE_TUNE_EFFORT_25G,SD_RESET_25G,SD_RESET_THRESHOLD_25G,LINK_TRAINING,AN,AN_ABILITY,FEC
0,0,0,0,6,0,0,6,Medium,HIGH,0,2,0,0,0,0,0,0,0,1,130,100,Low,Low,5,TRUE,0,3,2,-2,0,4,0,1,0,0,2,Medium,High,0,10,10,1,0,1,130,100,Low,Low,0,NA,1,1,100GBASE-KR4,NONE
1,0,1,0,8,0,0,8,Medium,HIGH,0,2,0,0,0,0,0,0,0,1,130,100,Low,Low,5,TRUE,0,3,2,-2,0,4,0,1,0,0,2,Medium,High,0,10,10,1,0,1,130,100,Low,Low,0,NA,1,1,100GBASE-KR4,NONE
2,0,2,0,6,0,0,6,Medium,HIGH,0,2,0,0,0,0,0,0,0,1,130,100,Low,Low,5,TRUE,0,3,2,-2,0,4,0,1,0,0,2,Medium,High,0,10,10,1,0,1,130,100,Low,Low,0,NA,1,1,100GBASE-KR4,NONE
3,0,3,0,8,0,0,8,Medium,HIGH,0,2,0,0,0,0,0,0,0,1,130,100,Low,Low,5,TRUE,0,3,2,-2,0,4,0,1,0,0,2,Medium,High,0,10,10,1,0,1,130,100,Low,Low,0,NA,1,1,100GBASE-KR4,NONE
4,0,4,0,8,0,0,8,Medium,HIGH,0,2,0,0,0,0,0,0,0,1,130,100,Low,Low,5,TRUE,0,3,2,-2,0,4,0,1,0,0,2,Medium,High,0,10,10,1,0,1,130,100,Low,Low,0,NA,1,1,100GBASE-KR4,NONE
5,0,5,0,8,0,0,8,Medium,HIGH,0,2,0,0,0,0,0,0,0,1,130,100,Low,Low,5,TRUE,0,3,2,-2,0,4,0,1,0,0,2,Medium,High,0,10,10,1,0,1,130,100,Low,Low,0,NA,1,1,100GBASE-KR4,NONE
6,0,6,0,8,0,0,8,Medium,HIGH,0,2,0,0,0,0,0,0,0,1,130,100,Low,Low,5,TRUE,0,3,2,-2,0,4,0,1,0,0,2,Medium,High,0,10,10,1,0,1,130,100,Low,Low,0,NA,1,1,100GBASE-KR4,NONE
7,0,7,0,8,0,0,8,Medium,HIGH,0,2,0,0,0,0,0,0,0,1,130,100,Low,Low,5,TRUE,0,3,2,-2,0,4,0,1,0,0,2,Medium,High,0,10,10,1,0,1,130,100,Low,Low,0,NA,1,1,100GBASE-KR4,NONE
8,1,0,0,8,0,0,8,Medium,HIGH,0,2,0,0,0,0,0,0,0,1,130,100,Low,Low,5,TRUE,0,3,2,-2,0,4,0,1,0,0,2,Medium,High,0,10,10,1,0,1,130,100,Low,Low,0,NA,1,1,100GBASE-KR4,NONE
9,1,1,0,8,0,0,8,Medium,HIGH,0,2,0,0,0,0,0,0,0,1,130,100,Low,Low,5,TRUE,0,3,2,-2,0,4,0,1,0,0,2,Medium,High,0,10,10,1,0,1,130,100,Low,Low,0,NA,1,1,100GBASE-KR4,NONE
10,1,2,0,8,0,0,8,Medium,HIGH,0,2,0,0,0,0,0,0,0,1,130,100,Low,Low,5,TRUE,0,3,2,-2,0,4,0,1,0,0,2,Medium,High,0,10,10,1,0,1,130,100,Low,Low,0,NA,1,1,100GBASE-KR4,NONE
11,1,3,0,8,0,0,8,Medium,HIGH,0,2,0,0,0,0,0,0,0,1,130,100,Low,Low,5,TRUE,0,3,2,-2,0,4,0,1,0,0,2,Medium,High,0,10,10,1,0,1,130,100,Low,Low,0,NA,1,1,100GBASE-KR4,NONE
12,1,4,0,8,0,0,8,Medium,HIGH,0,2,0,0,0,0,0,0,0,1,130,100,Low,Low,5,TRUE,0,3,2,-2,0,4,0,1,0,0,2,Medium,High,0,10,10,1,0,1,130,100,Low,Low,0,NA,1,1,100GBASE-KR4,NONE
13,1,5,0,8,0,0,8,Medium,HIGH,0,2,0,0,0,0,0,0,0,1,130,100,Low,Low,5,TRUE,0,3,2,-2,0,4,0,1,0,0,2,Medium,High,0,10,10,1,0,1,130,100,Low,Low,0,NA,1,1,100GBASE-KR4,NONE
14,1,6,0,6,0,0,6,Medium,HIGH,0,2,0,0,0,0,0,0,0,1,130,100,Low,Low,5,TRUE,0,3,2,-2,0,4,0,1,0,0,2,Medium,High,0,10,10,1,0,1,130,100,Low,Low,0,NA,1,1,100GBASE-KR4,NONE
15,1,7,0,8,0,0,8,Medium,HIGH,0,2,0,0,0,0,0,0,0,1,130,100,Low,Low,5,TRUE,0,3,2,-2,0,4,0,1,0,0,2,Medium,High,0,10,10,1,0,1,130,100,Low,Low,0,NA,1,1,100GBASE-KR4,NONE
16,2,0,0,6,0,0,6,Medium,HIGH,0,2,0,0,0,0,0,0,0,1,130,100,Low,Low,5,TRUE,0,3,2,-2,0,4,0,1,0,0,2,Medium,High,0,10,10,1,0,1,130,100,Low,Low,0,NA,1,1,100GBASE-KR4,NONE
17,2,1,0,8,0,0,8,Medium,HIGH,0,2,0,0,0,0,0,0,0,1,130,100,Low,Low,5,TRUE,0,3,2,-2,0,4,0,1,0,0,2,Medium,High,0,10,10,1,0,1,130,100,Low,Low,0,NA,1,1,100GBASE-KR4,NONE
18,2,2,0,8,0,0,8,Medium,HIGH,0,2,0,0,0,0,0,0,0,1,130,100,Low,Low,5,TRUE,0,3,2,-2,0,4,0,1,0,0,2,Medium,High,0,10,10,1,0,1,130,100,Low,Low,0,NA,1,1,100GBASE-KR4,NONE
19,2,3,0,6,0,0,6,Medium,HIGH,0,2,0,0,0,0,0,0,0,1,130,100,Low,Low,5,TRUE,0,3,2,-2,0,4,0,1,0,0,2,Medium,High,0,10,10,1,0,1,130,100,Low,Low,0,NA,1,1,100GBASE-KR4,NONE
20,2,4,0,8,0,0,8,Medium,HIGH,0,2,0,0,0,0,0,0,0,1,130,100,Low,Low,5,TRUE,0,3,2,-2,0,4,0,1,0,0,2,Medium,High,0,10,10,1,0,1,130,100,Low,Low,0,NA,1,1,100GBASE-KR4,NONE
21,2,5,0,8,0,0,8,Medium,HIGH,0,2,0,0,0,0,0,0,0,1,130,100,Low,Low,5,TRUE,0,3,2,-2,0,4,0,1,0,0,2,Medium,High,0,10,10,1,0,1,130,100,Low,Low,0,NA,1,1,100GBASE-KR4,NONE
22,2,6,0,8,0,0,8,Medium,HIGH,0,2,0,0,0,0,0,0,0,1,130,100,Low,Low,5,TRUE,0,3,2,-2,0,4,0,1,0,0,2,Medium,High,0,10,10,1,0,1,130,100,Low,Low,0,NA,1,1,100GBASE-KR4,NONE
23,2,7,0,8,0,0,8,Medium,HIGH,0,2,0,0,0,0,0,0,0,1,130,100,Low,Low,5,TRUE,0,3,2,-2,0,4,0,1,0,0,2,Medium,High,0,10,10,1,0,1,130,100,Low,Low,0,NA,1,1,100GBASE-KR4,NONE
24,3,0,0,6,0,0,6,Medium,HIGH,0,2,0,0,0,0,0,0,0,1,130,100,Low,Low,5,TRUE,0,3,2,-2,0,4,0,1,0,0,2,Medium,High,0,10,10,1,0,1,130,100,Low,Low,0,NA,1,1,100GBASE-KR4,NONE
25,3,1,0,8,0,0,8,Medium,HIGH,0,2,0,0,0,0,0,0,0,1,130,100,Low,Low,5,TRUE,0,3,2,-2,0,4,0,1,0,0,2,Medium,High,0,10,10,1,0,1,130,100,Low,Low,0,NA,1,1,100GBASE-KR4,NONE
26,3,2,0,6,0,0,6,Medium,HIGH,0,2,0,0,0,0,0,0,0,1,130,100,Low,Low,5,TRUE,0,3,2,-2,0,4,0,1,0,0,2,Medium,High,0,10,10,1,0,1,130,100,Low,Low,0,NA,1,1,100GBASE-KR4,NONE
27,3,3,0,8,0,0,8,Medium,HIGH,0,2,0,0,0,0,0,0,0,1,130,100,Low,Low,5,TRUE,0,3,2,-2,0,4,0,1,0,0,2,Medium,High,0,10,10,1,0,1,130,100,Low,Low,0,NA,1,1,100GBASE-KR4,NONE
28,3,4,0,8,0,0,8,Medium,HIGH,0,2,0,0,0,0,0,0,0,1,130,100,Low,Low,5,TRUE,0,3,2,-2,0,4,0,1,0,0,2,Medium,High,0,10,10,1,0,1,130,100,Low,Low,0,NA,1,1,100GBASE-KR4,NONE
29,3,5,0,8,0,0,8,Medium,HIGH,0,2,0,0,0,0,0,0,0,1,130,100,Low,Low,5,TRUE,0,3,2,-2,0,4,0,1,0,0,2,Medium,High,0,10,10,1,0,1,130,100,Low,Low,0,NA,1,1,100GBASE-KR4,NONE
30,3,6,0,6,0,0,6,Medium,HIGH,0,2,0,0,0,0,0,0,0,1,130,100,Low,Low,5,TRUE,0,3,2,-2,0,4,0,1,0,0,2,Medium,High,0,10,10,1,0,1,130,100,Low,Low,0,NA,1,1,100GBASE-KR4,NONE
31,3,7,0,6,0,0,6,Medium,HIGH,0,2,0,0,0,0,0,0,0,1,130,100,Low,Low,5,TRUE,0,3,2,-2,0,4,0,1,0,0,2,Medium,High,0,10,10,1,0,1,130,100,Low,Low,0,NA,1,1,100GBASE-KR4,NONE
32,4,0,0,6,0,0,6,Medium,HIGH,0,2,0,0,0,0,0,0,0,1,130,100,Low,Low,5,TRUE,0,3,2,-2,0,4,0,1,0,0,2,Medium,High,0,10,10,1,0,1,130,100,Low,Low,0,NA,1,1,100GBASE-KR4,NONE
33,4,1,0,8,0,0,8,Medium,HIGH,0,2,0,0,0,0,0,0,0,1,130,100,Low,Low,5,TRUE,0,3,2,-2,0,4,0,1,0,0,2,Medium,High,0,10,10,1,0,1,130,100,Low,Low,0,NA,1,1,100GBASE-KR4,NONE
34,4,2,0,6,0,0,6,Medium,HIGH,0,2,0,0,0,0,0,0,0,1,130,100,Low,Low,5,TRUE,0,3,2,-2,0,4,0,1,0,0,2,Medium,High,0,10,10,1,0,1,130,100,Low,Low,0,NA,1,1,100GBASE-KR4,NONE
35,4,3,0,8,0,0,8,Medium,HIGH,0,2,0,0,0,0,0,0,0,1,130,100,Low,Low,5,TRUE,0,3,2,-2,0,4,0,1,0,0,2,Medium,High,0,10,10,1,0,1,130,100,Low,Low,0,NA,1,1,100GBASE-KR4,NONE
36,4,4,0,8,0,0,8,Medium,HIGH,0,2,0,0,0,0,0,0,0,1,130,100,Low,Low,5,TRUE,0,3,2,-2,0,4,0,1,0,0,2,Medium,High,0,10,10,1,0,1,130,100,Low,Low,0,NA,1,1,100GBASE-KR4,NONE
37,4,5,0,8,0,0,8,Medium,HIGH,0,2,0,0,0,0,0,0,0,1,130,100,Low,Low,5,TRUE,0,3,2,-2,0,4,0,1,0,0,2,Medium,High,0,10,10,1,0,1,130,100,Low,Low,0,NA,1,1,100GBASE-KR4,NONE
38,4,6,0,8,0,0,8,Medium,HIGH,0,2,0,0,0,0,0,0,0,1,130,100,Low,Low,5,TRUE,0,3,2,-2,0,4,0,1,0,0,2,Medium,High,0,10,10,1,0,1,130,100,Low,Low,0,NA,1,1,100GBASE-KR4,NONE
39,4,7,0,8,0,0,8,Medium,HIGH,0,2,0,0,0,0,0,0,0,1,130,100,Low,Low,5,TRUE,0,3,2,-2,0,4,0,1,0,0,2,Medium,High,0,10,10,1,0,1,130,100,Low,Low,0,NA,1,1,100GBASE-KR4,NONE
40,5,0,0,8,0,0,8,Medium,HIGH,0,2,0,0,0,0,0,0,0,1,130,100,Low,Low,5,TRUE,0,3,2,-2,0,4,0,1,0,0,2,Medium,High,0,10,10,1,0,1,130,100,Low,Low,0,NA,1,1,100GBASE-KR4,NONE
41,5,1,0,8,0,0,8,Medium,HIGH,0,2,0,0,0,0,0,0,0,1,130,100,Low,Low,5,TRUE,0,3,2,-2,0,4,0,1,0,0,2,Medium,High,0,10,10,1,0,1,130,100,Low,Low,0,NA,1,1,100GBASE-KR4,NONE
42,5,2,0,8,0,0,8,Medium,HIGH,0,2,0,0,0,0,0,0,0,1,130,100,Low,Low,5,TRUE,0,3,2,-2,0,4,0,1,0,0,2,Medium,High,0,10,10,1,0,1,130,100,Low,Low,0,NA,1,1,100GBASE-KR4,NONE
43,5,3,0,8,0,0,8,Medium,HIGH,0,2,0,0,0,0,0,0,0,1,130,100,Low,Low,5,TRUE,0,3,2,-2,0,4,0,1,0,0,2,Medium,High,0,10,10,1,0,1,130,100,Low,Low,0,NA,1,1,100GBASE-KR4,NONE
44,5,4,0,6,0,0,6,Medium,HIGH,0,2,0,0,0,0,0,0,0,1,130,100,Low,Low,5,TRUE,0,3,2,-2,0,4,0,1,0,0,2,Medium,High,0,10,10,1,0,1,130,100,Low,Low,0,NA,1,1,100GBASE-KR4,NONE
45,5,5,0,8,0,0,8,Medium,HIGH,0,2,0,0,0,0,0,0,0,1,130,100,Low,Low,5,TRUE,0,3,2,-2,0,4,0,1,0,0,2,Medium,High,0,10,10,1,0,1,130,100,Low,Low,0,NA,1,1,100GBASE-KR4,NONE
46,5,6,0,8,0,0,8,Medium,HIGH,0,2,0,0,0,0,0,0,0,1,130,100,Low,Low,5,TRUE,0,3,2,-2,0,4,0,1,0,0,2,Medium,High,0,10,10,1,0,1,130,100,Low,Low,0,NA,1,1,100GBASE-KR4,NONE
47,5,7,0,6,0,0,6,Medium,HIGH,0,2,0,0,0,0,0,0,0,1,130,100,Low,Low,5,TRUE,0,3,2,-2,0,4,0,1,0,0,2,Medium,High,0,10,10,1,0,1,130,100,Low,Low,0,NA,1,1,100GBASE-KR4,NONE
48,6,0,0,8,0,0,8,Medium,HIGH,0,2,0,0,0,0,0,0,0,1,130,100,Low,Low,5,TRUE,0,3,2,-2,0,4,0,1,0,0,2,Medium,High,0,10,10,1,0,1,130,100,Low,Low,0,NA,1,1,100GBASE-KR4,NONE
49,6,1,0,8,0,0,8,Medium,HIGH,0,2,0,0,0,0,0,0,0,1,130,100,Low,Low,5,TRUE,0,3,2,-2,0,4,0,1,0,0,2,Medium,High,0,10,10,1,0,1,130,100,Low,Low,0,NA,1,1,100GBASE-KR4,NONE
50,6,2,0,8,0,0,8,Medium,HIGH,0,2,0,0,0,0,0,0,0,1,130,100,Low,Low,5,TRUE,0,3,2,-2,0,4,0,1,0,0,2,Medium,High,0,10,10,1,0,1,130,100,Low,Low,0,NA,1,1,100GBASE-KR4,NONE
51,6,3,0,8,0,0,8,Medium,HIGH,0,2,0,0,0,0,0,0,0,1,130,100,Low,Low,5,TRUE,0,3,2,-2,0,4,0,1,0,0,2,Medium,High,0,10,10,1,0,1,130,100,Low,Low,0,NA,1,1,100GBASE-KR4,NONE
52,6,4,0,6,0,0,6,Medium,HIGH,0,2,0,0,0,0,0,0,0,1,130,100,Low,Low,5,TRUE,0,3,2,-2,0,4,0,1,0,0,2,Medium,High,0,10,10,1,0,1,130,100,Low,Low,0,NA,1,1,100GBASE-KR4,NONE
53,6,5,0,8,0,0,8,Medium,HIGH,0,2,0,0,0,0,0,0,0,1,130,100,Low,Low,5,TRUE,0,3,2,-2,0,4,0,1,0,0,2,Medium,High,0,10,10,1,0,1,130,100,Low,Low,0,NA,1,1,100GBASE-KR4,NONE
54,6,6,0,8,0,0,8,Medium,HIGH,0,2,0,0,0,0,0,0,0,1,130,100,Low,Low,5,TRUE,0,3,2,-2,0,4,0,1,0,0,2,Medium,High,0,10,10,1,0,1,130,100,Low,Low,0,NA,1,1,100GBASE-KR4,NONE
55,6,7,0,6,0,0,6,Medium,HIGH,0,2,0,0,0,0,0,0,0,1,130,100,Low,Low,5,TRUE,0,3,2,-2,0,4,0,1,0,0,2,Medium,High,0,10,10,1,0,1,130,100,Low,Low,0,NA,1,1,100GBASE-KR4,NONE
56,7,0,0,8,0,0,8,Medium,HIGH,0,2,0,0,0,0,0,0,0,1,130,100,Low,Low,5,TRUE,0,3,2,-2,0,4,0,1,0,0,2,Medium,High,0,10,10,1,0,1,130,100,Low,Low,0,NA,1,1,100GBASE-KR4,NONE
57,7,1,0,6,0,0,6,Medium,HIGH,0,2,0,0,0,0,0,0,0,1,130,100,Low,Low,5,TRUE,0,3,2,-2,0,4,0,1,0,0,2,Medium,High,0,10,10,1,0,1,130,100,Low,Low,0,NA,1,1,100GBASE-KR4,NONE
58,7,2,0,6,0,0,6,Medium,HIGH,0,2,0,0,0,0,0,0,0,1,130,100,Low,Low,5,TRUE,0,3,2,-2,0,4,0,1,0,0,2,Medium,High,0,10,10,1,0,1,130,100,Low,Low,0,NA,1,1,100GBASE-KR4,NONE
59,7,3,0,8,0,0,8,Medium,HIGH,0,2,0,0,0,0,0,0,0,1,130,100,Low,Low,5,TRUE,0,3,2,-2,0,4,0,1,0,0,2,Medium,High,0,10,10,1,0,1,130,100,Low,Low,0,NA,1,1,100GBASE-KR4,NONE
60,7,4,0,8,0,0,8,Medium,HIGH,0,2,0,0,0,0,0,0,0,1,130,100,Low,Low,5,TRUE,0,3,2,-2,0,4,0,1,0,0,2,Medium,High,0,10,10,1,0,1,130,100,Low,Low,0,NA,1,1,100GBASE-KR4,NONE
61,7,5,0,8,0,0,8,Medium,HIGH,0,2,0,0,0,0,0,0,0,1,130,100,Low,Low,5,TRUE,0,3,2,-2,0,4,0,1,0,0,2,Medium,High,0,10,10,1,0,1,130,100,Low,Low,0,NA,1,1,100GBASE-KR4,NONE
62,7,6,0,8,0,0,8,Medium,HIGH,0,2,0,0,0,0,0,0,0,1,130,100,Low,Low,5,TRUE,0,3,2,-2,0,4,0,1,0,0,2,Medium,High,0,10,10,1,0,1,130,100,Low,Low,0,NA,1,1,100GBASE-KR4,NONE
63,7,7,0,8,0,0,8,Medium,HIGH,0,2,0,0,0,0,0,0,0,1,130,100,Low,Low,5,TRUE,0,3,2,-2,0,4,0,1,0,0,2,Medium,High,0,10,10,1,0,1,130,100,Low,Low,0,NA,1,1,100GBASE-KR4,NONE
64,8,0,0,8,0,0,8,Medium,HIGH,0,2,0,0,0,0,0,0,0,1,130,100,Low,Low,5,TRUE,0,3,2,-2,0,4,0,1,0,0,2,Medium,High,0,10,10,1,0,1,130,100,Low,Low,0,NA,1,1,100GBASE-KR4,NONE
65,8,1,0,8,0,0,8,Medium,HIGH,0,2,0,0,0,0,0,0,0,1,130,100,Low,Low,5,TRUE,0,3,2,-2,0,4,0,1,0,0,2,Medium,High,0,10,10,1,0,1,130,100,Low,Low,0,NA,1,1,100GBASE-KR4,NONE
66,8,2,0,8,0,0,8,Medium,HIGH,0,2,0,0,0,0,0,0,0,1,130,100,Low,Low,5,TRUE,0,3,2,-2,0,4,0,1,0,0,2,Medium,High,0,10,10,1,0,1,130,100,Low,Low,0,NA,1,1,100GBASE-KR4,NONE
67,8,3,0,8,0,0,8,Medium,HIGH,0,2,0,0,0,0,0,0,0,1,130,100,Low,Low,5,TRUE,0,3,2,-2,0,4,0,1,0,0,2,Medium,High,0,10,10,1,0,1,130,100,Low,Low,0,NA,1,1,100GBASE-KR4,NONE
68,8,4,0,8,0,0,8,Medium,HIGH,0,2,0,0,0,0,0,0,0,1,130,100,Low,Low,5,TRUE,0,3,2,-2,0,4,0,1,0,0,2,Medium,High,0,10,10,1,0,1,130,100,Low,Low,0,NA,1,1,100GBASE-KR4,NONE
69,8,5,0,8,0,0,8,Medium,HIGH,0,2,0,0,0,0,0,0,0,1,130,100,Low,Low,5,TRUE,0,3,2,-2,0,4,0,1,0,0,2,Medium,High,0,10,10,1,0,1,130,100,Low,Low,0,NA,1,1,100GBASE-KR4,NONE
70,8,6,0,8,0,0,8,Medium,HIGH,0,2,0,0,0,0,0,0,0,1,130,100,Low,Low,5,TRUE,0,3,2,-2,0,4,0,1,0,0,2,Medium,High,0,10,10,1,0,1,130,100,Low,Low,0,NA,1,1,100GBASE-KR4,NONE
71,8,7,0,8,0,0,8,Medium,HIGH,0,2,0,0,0,0,0,0,0,1,130,100,Low,Low,5,TRUE,0,3,2,-2,0,4,0,1,0,0,2,Medium,High,0,10,10,1,0,1,130,100,Low,Low,0,NA,1,1,100GBASE-KR4,NONE
72,9,0,0,8,0,0,8,Medium,HIGH,0,2,0,0,0,0,0,0,0,1,130,100,Low,Low,5,TRUE,0,3,2,-2,0,4,0,1,0,0,2,Medium,High,0,10,10,1,0,1,130,100,Low,Low,0,NA,1,1,100GBASE-KR4,NONE
73,9,1,0,8,0,0,8,Medium,HIGH,0,2,0,0,0,0,0,0,0,1,130,100,Low,Low,5,TRUE,0,3,2,-2,0,4,0,1,0,0,2,Medium,High,0,10,10,1,0,1,130,100,Low,Low,0,NA,1,1,100GBASE-KR4,NONE
74,9,2,0,6,0,0,6,Medium,HIGH,0,2,0,0,0,0,0,0,0,1,130,100,Low,Low,5,TRUE,0,3,2,-2,0,4,0,1,0,0,2,Medium,High,0,10,10,1,0,1,130,100,Low,Low,0,NA,1,1,100GBASE-KR4,NONE
75,9,3,0,8,0,0,8,Medium,HIGH,0,2,0,0,0,0,0,0,0,1,130,100,Low,Low,5,TRUE,0,3,2,-2,0,4,0,1,0,0,2,Medium,High,0,10,10,1,0,1,130,100,Low,Low,0,NA,1,1,100GBASE-KR4,NONE
76,9,4,0,8,0,0,8,Medium,HIGH,0,2,0,0,0,0,0,0,0,1,130,100,Low,Low,5,TRUE,0,3,2,-2,0,4,0,1,0,0,2,Medium,High,0,10,10,1,0,1,130,100,Low,Low,0,NA,1,1,100GBASE-KR4,NONE
77,9,5,0,8,0,0,8,Medium,HIGH,0,2,0,0,0,0,0,0,0,1,130,100,Low,Low,5,TRUE,0,3,2,-2,0,4,0,1,0,0,2,Medium,High,0,10,10,1,0,1,130,100,Low,Low,0,NA,1,1,100GBASE-KR4,NONE
78,9,6,0,8,0,0,8,Medium,HIGH,0,2,0,0,0,0,0,0,0,1,130,100,Low,Low,5,TRUE,0,3,2,-2,0,4,0,1,0,0,2,Medium,High,0,10,10,1,0,1,130,100,Low,Low,0,NA,1,1,100GBASE-KR4,NONE
79,9,7,0,8,0,0,8,Medium,HIGH,0,2,0,0,0,0,0,0,0,1,130,100,Low,Low,5,TRUE,0,3,2,-2,0,4,0,1,0,0,2,Medium,High,0,10,10,1,0,1,130,100,Low,Low,0,NA,1,1,100GBASE-KR4,NONE
80,10,0,0,8,0,0,8,Medium,HIGH,0,2,0,0,0,0,0,0,0,1,130,100,Low,Low,5,TRUE,0,3,2,-2,0,4,0,1,0,0,2,Medium,High,0,10,10,1,0,1,130,100,Low,Low,0,NA,1,1,100GBASE-KR4,NONE
81,10,1,0,8,0,0,8,Medium,HIGH,0,2,0,0,0,0,0,0,0,1,130,100,Low,Low,5,TRUE,0,3,2,-2,0,4,0,1,0,0,2,Medium,High,0,10,10,1,0,1,130,100,Low,Low,0,NA,1,1,100GBASE-KR4,NONE
82,10,2,0,8,0,0,8,Medium,HIGH,0,2,0,0,0,0,0,0,0,1,130,100,Low,Low,5,TRUE,0,3,2,-2,0,4,0,1,0,0,2,Medium,High,0,10,10,1,0,1,130,100,Low,Low,0,NA,1,1,100GBASE-KR4,NONE
83,10,3,0,8,0,0,8,Medium,HIGH,0,2,0,0,0,0,0,0,0,1,130,100,Low,Low,5,TRUE,0,3,2,-2,0,4,0,1,0,0,2,Medium,High,0,10,10,1,0,1,130,100,Low,Low,0,NA,1,1,100GBASE-KR4,NONE
84,10,4,0,8,0,0,8,Medium,HIGH,0,2,0,0,0,0,0,0,0,1,130,100,Low,Low,5,TRUE,0,3,2,-2,0,4,0,1,0,0,2,Medium,High,0,10,10,1,0,1,130,100,Low,Low,0,NA,1,1,100GBASE-KR4,NONE
85,10,5,0,8,0,0,8,Medium,HIGH,0,2,0,0,0,0,0,0,0,1,130,100,Low,Low,5,TRUE,0,3,2,-2,0,4,0,1,0,0,2,Medium,High,0,10,10,1,0,1,130,100,Low,Low,0,NA,1,1,100GBASE-KR4,NONE
86,10,6,0,8,0,0,8,Medium,HIGH,0,2,0,0,0,0,0,0,0,1,130,100,Low,Low,5,TRUE,0,3,2,-2,0,4,0,1,0,0,2,Medium,High,0,10,10,1,0,1,130,100,Low,Low,0,NA,1,1,100GBASE-KR4,NONE
87,10,7,0,8,0,0,8,Medium,HIGH,0,2,0,0,0,0,0,0,0,1,130,100,Low,Low,5,TRUE,0,3,2,-2,0,4,0,1,0,0,2,Medium,High,0,10,10,1,0,1,130,100,Low,Low,0,NA,1,1,100GBASE-KR4,NONE
88,11,0,0,8,0,0,8,Medium,HIGH,0,2,0,0,0,0,0,0,0,1,130,100,Low,Low,5,TRUE,0,3,2,-2,0,4,0,1,0,0,2,Medium,High,0,10,10,1,0,1,130,100,Low,Low,0,NA,1,1,100GBASE-KR4,NONE
89,11,1,0,8,0,0,8,Medium,HIGH,0,2,0,0,0,0,0,0,0,1,130,100,Low,Low,5,TRUE,0,3,2,-2,0,4,0,1,0,0,2,Medium,High,0,10,10,1,0,1,130,100,Low,Low,0,NA,1,1,100GBASE-KR4,NONE
90,11,2,0,8,0,0,8,Medium,HIGH,0,2,0,0,0,0,0,0,0,1,130,100,Low,Low,5,TRUE,0,3,2,-2,0,4,0,1,0,0,2,Medium,High,0,10,10,1,0,1,130,100,Low,Low,0,NA,1,1,100GBASE-KR4,NONE
91,11,3,0,8,0,0,8,Medium,HIGH,0,2,0,0,0,0,0,0,0,1,130,100,Low,Low,5,TRUE,0,3,2,-2,0,4,0,1,0,0,2,Medium,High,0,10,10,1,0,1,130,100,Low,Low,0,NA,1,1,100GBASE-KR4,NONE
92,11,4,0,8,0,0,8,Medium,HIGH,0,2,0,0,0,0,0,0,0,1,130,100,Low,Low,5,TRUE,0,3,2,-2,0,4,0,1,0,0,2,Medium,High,0,10,10,1,0,1,130,100,Low,Low,0,NA,1,1,100GBASE-KR4,NONE
93,11,5,0,8,0,0,8,Medium,HIGH,0,2,0,0,0,0,0,0,0,1,130,100,Low,Low,5,TRUE,0,3,2,-2,0,4,0,1,0,0,2,Medium,High,0,10,10,1,0,1,130,100,Low,Low,0,NA,1,1,100GBASE-KR4,NONE
94,11,6,0,8,0,0,8,Medium,HIGH,0,2,0,0,0,0,0,0,0,1,130,100,Low,Low,5,TRUE,0,3,2,-2,0,4,0,1,0,0,2,Medium,High,0,10,10,1,0,1,130,100,Low,Low,0,NA,1,1,100GBASE-KR4,NONE
95,11,7,0,2,0,0,2,Medium,HIGH,0,2,0,0,0,0,0,0,0,1,130,100,Low,Low,5,TRUE,0,3,2,-2,0,4,0,1,0,0,2,Medium,High,0,10,10,1,0,1,130,100,Low,Low,0,NA,1,1,100GBASE-KR4,NONE
96,12,0,0,8,0,0,8,Medium,HIGH,0,2,0,0,0,0,0,0,0,1,130,100,Low,Low,5,TRUE,0,3,2,-2,0,4,0,1,0,0,2,Medium,High,0,10,10,1,0,1,130,100,Low,Low,0,NA,1,1,100GBASE-KR4,NONE
97,12,1,0,8,0,0,8,Medium,HIGH,0,2,0,0,0,0,0,0,0,1,130,100,Low,Low,5,TRUE,0,3,2,-2,0,4,0,1,0,0,2,Medium,High,0,10,10,1,0,1,130,100,Low,Low,0,NA,1,1,100GBASE-KR4,NONE
98,12,2,0,8,0,0,8,Medium,HIGH,0,2,0,0,0,0,0,0,0,1,130,100,Low,Low,5,TRUE,0,3,2,-2,0,4,0,1,0,0,2,Medium,High,0,10,10,1,0,1,130,100,Low,Low,0,NA,1,1,100GBASE-KR4,NONE
99,12,3,0,8,0,0,8,Medium,HIGH,0,2,0,0,0,0,0,0,0,1,130,100,Low,Low,5,TRUE,0,3,2,-2,0,4,0,1,0,0,2,Medium,High,0,10,10,1,0,1,130,100,Low,Low,0,NA,1,1,100GBASE-KR4,NONE
100,12,4,0,8,0,0,8,Medium,HIGH,0,2,0,0,0,0,0,0,0,1,130,100,Low,Low,5,TRUE,0,3,2,-2,0,4,0,1,0,0,2,Medium,High,0,10,10,1,0,1,130,100,Low,Low,0,NA,1,1,100GBASE-KR4,NONE
101,12,5,0,8,0,0,8,Medium,HIGH,0,2,0,0,0,0,0,0,0,1,130,100,Low,Low,5,TRUE,0,3,2,-2,0,4,0,1,0,0,2,Medium,High,0,10,10,1,0,1,130,100,Low,Low,0,NA,1,1,100GBASE-KR4,NONE
102,12,6,0,8,0,0,8,Medium,HIGH,0,2,0,0,0,0,0,0,0,1,130,100,Low,Low,5,TRUE,0,3,2,-2,0,4,0,1,0,0,2,Medium,High,0,10,10,1,0,1,130,100,Low,Low,0,NA,1,1,100GBASE-KR4,NONE
103,12,7,0,8,0,0,8,Medium,HIGH,0,2,0,0,0,0,0,0,0,1,130,100,Low,Low,5,TRUE,0,3,2,-2,0,4,0,1,0,0,2,Medium,High,0,10,10,1,0,1,130,100,Low,Low,0,NA,1,1,100GBASE-KR4,NONE
104,13,0,0,8,0,0,8,Medium,HIGH,0,2,0,0,0,0,0,0,0,1,130,100,Low,Low,5,TRUE,0,3,2,-2,0,4,0,1,0,0,2,Medium,High,0,10,10,1,0,1,130,100,Low,Low,0,NA,1,1,100GBASE-KR4,NONE
105,13,1,0,8,0,0,8,Medium,HIGH,0,2,0,0,0,0,0,0,0,1,130,100,Low,Low,5,TRUE,0,3,2,-2,0,4,0,1,0,0,2,Medium,High,0,10,10,1,0,1,130,100,Low,Low,0,NA,1,1,100GBASE-KR4,NONE
106,13,2,0,6,0,0,6,Medium,HIGH,0,2,0,0,0,0,0,0,0,1,130,100,Low,Low,5,TRUE,0,3,2,-2,0,4,0,1,0,0,2,Medium,High,0,10,10,1,0,1,130,100,Low,Low,0,NA,1,1,100GBASE-KR4,NONE
107,13,3,0,8,0,0,8,Medium,HIGH,0,2,0,0,0,0,0,0,0,1,130,100,Low,Low,5,TRUE,0,3,2,-2,0,4,0,1,0,0,2,Medium,High,0,10,10,1,0,1,130,100,Low,Low,0,NA,1,1,100GBASE-KR4,NONE
108,13,4,0,8,0,0,8,Medium,HIGH,0,2,0,0,0,0,0,0,0,1,130,100,Low,Low,5,TRUE,0,3,2,-2,0,4,0,1,0,0,2,Medium,High,0,10,10,1,0,1,130,100,Low,Low,0,NA,1,1,100GBASE-KR4,NONE
109,13,5,0,8,0,0,8,Medium,HIGH,0,2,0,0,0,0,0,0,0,1,130,100,Low,Low,5,TRUE,0,3,2,-2,0,4,0,1,0,0,2,Medium,High,0,10,10,1,0,1,130,100,Low,Low,0,NA,1,1,100GBASE-KR4,NONE
110,13,6,0,8,0,0,8,Medium,HIGH,0,2,0,0,0,0,0,0,0,1,130,100,Low,Low,5,TRUE,0,3,2,-2,0,4,0,1,0,0,2,Medium,High,0,10,10,1,0,1,130,100,Low,Low,0,NA,1,1,100GBASE-KR4,NONE
111,13,7,0,8,0,0,8,Medium,HIGH,0,2,0,0,0,0,0,0,0,1,130,100,Low,Low,5,TRUE,0,3,2,-2,0,4,0,1,0,0,2,Medium,High,0,10,10,1,0,1,130,100,Low,Low,0,NA,1,1,100GBASE-KR4,NONE
112,14,0,0,6,0,0,6,Medium,HIGH,0,2,0,0,0,0,0,0,0,1,130,100,Low,Low,5,TRUE,0,3,2,-2,0,4,0,1,0,0,2,Medium,High,0,10,10,1,0,1,130,100,Low,Low,0,NA,1,1,100GBASE-KR4,NONE
113,14,1,0,8,0,0,8,Medium,HIGH,0,2,0,0,0,0,0,0,0,1,130,100,Low,Low,5,TRUE,0,3,2,-2,0,4,0,1,0,0,2,Medium,High,0,10,10,1,0,1,130,100,Low,Low,0,NA,1,1,100GBASE-KR4,NONE
114,14,2,0,8,0,0,8,Medium,HIGH,0,2,0,0,0,0,0,0,0,1,130,100,Low,Low,5,TRUE,0,3,2,-2,0,4,0,1,0,0,2,Medium,High,0,10,10,1,0,1,130,100,Low,Low,0,NA,1,1,100GBASE-KR4,NONE
115,14,3,0,6,0,0,6,Medium,HIGH,0,2,0,0,0,0,0,0,0,1,130,100,Low,Low,5,TRUE,0,3,2,-2,0,4,0,1,0,0,2,Medium,High,0,10,10,1,0,1,130,100,Low,Low,0,NA,1,1,100GBASE-KR4,NONE
116,14,4,0,8,0,0,8,Medium,HIGH,0,2,0,0,0,0,0,0,0,1,130,100,Low,Low,5,TRUE,0,3,2,-2,0,4,0,1,0,0,2,Medium,High,0,10,10,1,0,1,130,100,Low,Low,0,NA,1,1,100GBASE-KR4,NONE
117,14,5,0,8,0,0,8,Medium,HIGH,0,2,0,0,0,0,0,0,0,1,130,100,Low,Low,5,TRUE,0,3,2,-2,0,4,0,1,0,0,2,Medium,High,0,10,10,1,0,1,130,100,Low,Low,0,NA,1,1,100GBASE-KR4,NONE
118,14,6,0,8,0,0,8,Medium,HIGH,0,2,0,0,0,0,0,0,0,1,130,100,Low,Low,5,TRUE,0,3,2,-2,0,4,0,1,0,0,2,Medium,High,0,10,10,1,0,1,130,100,Low,Low,0,NA,1,1,100GBASE-KR4,NONE
119,14,7,0,8,0,0,8,Medium,HIGH,0,2,0,0,0,0,0,0,0,1,130,100,Low,Low,5,TRUE,0,3,2,-2,0,4,0,1,0,0,2,Medium,High,0,10,10,1,0,1,130,100,Low,Low,0,NA,1,1,100GBASE-KR4,NONE
120,15,0,0,6,0,0,6,Medium,HIGH,0,2,0,0,0,0,0,0,0,1,130,100,Low,Low,5,TRUE,0,3,2,-2,0,4,0,1,0,0,2,Medium,High,0,10,10,1,0,1,130,100,Low,Low,0,NA,1,1,100GBASE-KR4,NONE
121,15,1,0,6,0,0,6,Medium,HIGH,0,2,0,0,0,0,0,0,0,1,130,100,Low,Low,5,TRUE,0,3,2,-2,0,4,0,1,0,0,2,Medium,High,0,10,10,1,0,1,130,100,Low,Low,0,NA,1,1,100GBASE-KR4,NONE
122,15,2,0,6,0,0,6,Medium,HIGH,0,2,0,0,0,0,0,0,0,1,130,100,Low,Low,5,TRUE,0,3,2,-2,0,4,0,1,0,0,2,Medium,High,0,10,10,1,0,1,130,100,Low,Low,0,NA,1,1,100GBASE-KR4,NONE
123,15,3,0,8,0,0,8,Medium,HIGH,0,2,0,0,0,0,0,0,0,1,130,100,Low,Low,5,TRUE,0,3,2,-2,0,4,0,1,0,0,2,Medium,High,0,10,10,1,0,1,130,100,Low,Low,0,NA,1,1,100GBASE-KR4,NONE
124,15,4,0,8,0,0,8,Medium,HIGH,0,2,0,0,0,0,0,0,0,1,130,100,Low,Low,5,TRUE,0,3,2,-2,0,4,0,1,0,0,2,Medium,High,0,10,10,1,0,1,130,100,Low,Low,0,NA,1,1,100GBASE-KR4,NONE
125,15,5,0,8,0,0,8,Medium,HIGH,0,2,0,0,0,0,0,0,0,1,130,100,Low,Low,5,TRUE,0,3,2,-2,0,4,0,1,0,0,2,Medium,High,0,10,10,1,0,1,130,100,Low,Low,0,NA,1,1,100GBASE-KR4,NONE
126,15,6,0,6,0,0,6,Medium,HIGH,0,2,0,0,0,0,0,0,0,1,130,100,Low,Low,5,TRUE,0,3,2,-2,0,4,0,1,0,0,2,Medium,High,0,10,10,1,0,1,130,100,Low,Low,0,NA,1,1,100GBASE-KR4,NONE
127,15,7,0,6,0,0,6,Medium,HIGH,0,2,0,0,0,0,0,0,0,1,130,100,Low,Low,5,TRUE,0,3,2,-2,0,4,0,1,0,0,2,Medium,High,0,10,10,1,0,1,130,100,Low,Low,0,NA,1,1,100GBASE-KR4,NONE
128,16,0,0,6,0,0,6,Medium,HIGH,0,2,0,0,0,0,0,0,0,1,130,100,Low,Low,5,TRUE,0,3,2,-2,0,4,0,1,0,0,2,Medium,High,0,10,10,1,0,1,130,100,Low,Low,0,NA,1,1,100GBASE-KR4,NONE
129,16,1,0,8,0,0,8,Medium,HIGH,0,2,0,0,0,0,0,0,0,1,130,100,Low,Low,5,TRUE,0,3,2,-2,0,4,0,1,0,0,2,Medium,High,0,10,10,1,0,1,130,100,Low,Low,0,NA,1,1,100GBASE-KR4,NONE
130,16,2,0,8,0,0,8,Medium,HIGH,0,2,0,0,0,0,0,0,0,1,130,100,Low,Low,5,TRUE,0,3,2,-2,0,4,0,1,0,0,2,Medium,High,0,10,10,1,0,1,130,100,Low,Low,0,NA,1,1,100GBASE-KR4,NONE
131,16,3,0,8,0,0,8,Medium,HIGH,0,2,0,0,0,0,0,0,0,1,130,100,Low,Low,5,TRUE,0,3,2,-2,0,4,0,1,0,0,2,Medium,High,0,10,10,1,0,1,130,100,Low,Low,0,NA,1,1,100GBASE-KR4,NONE
132,16,4,0,8,0,0,8,Medium,HIGH,0,2,0,0,0,0,0,0,0,1,130,100,Low,Low,5,TRUE,0,3,2,-2,0,4,0,1,0,0,2,Medium,High,0,10,10,1,0,1,130,100,Low,Low,0,NA,1,1,100GBASE-KR4,NONE
133,16,5,0,8,0,0,8,Medium,HIGH,0,2,0,0,0,0,0,0,0,1,130,100,Low,Low,5,TRUE,0,3,2,-2,0,4,0,1,0,0,2,Medium,High,0,10,10,1,0,1,130,100,Low,Low,0,NA,1,1,100GBASE-KR4,NONE
134,16,6,0,8,0,0,8,Medium,HIGH,0,2,0,0,0,0,0,0,0,1,130,100,Low,Low,5,TRUE,0,3,2,-2,0,4,0,1,0,0,2,Medium,High,0,10,10,1,0,1,130,100,Low,Low,0,NA,1,1,100GBASE-KR4,NONE
135,16,7,0,8,0,0,8,Medium,HIGH,0,2,0,0,0,0,0,0,0,1,130,100,Low,Low,5,TRUE,0,3,2,-2,0,4,0,1,0,0,2,Medium,High,0,10,10,1,0,1,130,100,Low,Low,0,NA,1,1,100GBASE-KR4,NONE
136,17,0,0,8,0,0,8,Medium,HIGH,0,2,0,0,0,0,0,0,0,1,130,100,Low,Low,5,TRUE,0,3,2,-2,0,4,0,1,0,0,2,Medium,High,0,10,10,1,0,1,130,100,Low,Low,0,NA,1,1,100GBASE-KR4,NONE
137,17,1,0,8,0,0,8,Medium,HIGH,0,2,0,0,0,0,0,0,0,1,130,100,Low,Low,5,TRUE,0,3,2,-2,0,4,0,1,0,0,2,Medium,High,0,10,10,1,0,1,130,100,Low,Low,0,NA,1,1,100GBASE-KR4,NONE
138,17,2,0,8,0,0,8,Medium,HIGH,0,2,0,0,0,0,0,0,0,1,130,100,Low,Low,5,TRUE,0,3,2,-2,0,4,0,1,0,0,2,Medium,High,0,10,10,1,0,1,130,100,Low,Low,0,NA,1,1,100GBASE-KR4,NONE
139,17,3,0,8,0,0,8,Medium,HIGH,0,2,0,0,0,0,0,0,0,1,130,100,Low,Low,5,TRUE,0,3,2,-2,0,4,0,1,0,0,2,Medium,High,0,10,10,1,0,1,130,100,Low,Low,0,NA,1,1,100GBASE-KR4,NONE
140,17,4,0,8,0,0,8,Medium,HIGH,0,2,0,0,0,0,0,0,0,1,130,100,Low,Low,5,TRUE,0,3,2,-2,0,4,0,1,0,0,2,Medium,High,0,10,10,1,0,1,130,100,Low,Low,0,NA,1,1,100GBASE-KR4,NONE
141,17,5,0,8,0,0,8,Medium,HIGH,0,2,0,0,0,0,0,0,0,1,130,100,Low,Low,5,TRUE,0,3,2,-2,0,4,0,1,0,0,2,Medium,High,0,10,10,1,0,1,130,100,Low,Low,0,NA,1,1,100GBASE-KR4,NONE
142,17,6,0,8,0,0,8,Medium,HIGH,0,2,0,0,0,0,0,0,0,1,130,100,Low,Low,5,TRUE,0,3,2,-2,0,4,0,1,0,0,2,Medium,High,0,10,10,1,0,1,130,100,Low,Low,0,NA,1,1,100GBASE-KR4,NONE
143,17,7,0,8,0,0,8,Medium,HIGH,0,2,0,0,0,0,0,0,0,1,130,100,Low,Low,5,TRUE,0,3,2,-2,0,4,0,1,0,0,2,Medium,High,0,10,10,1,0,1,130,100,Low,Low,0,NA,1,1,100GBASE-KR4,NONE
144,18,0,0,8,0,0,8,Medium,HIGH,0,2,0,0,0,0,0,0,0,1,130,100,Low,Low,5,TRUE,0,3,2,-2,0,4,0,1,0,0,2,Medium,High,0,10,10,1,0,1,130,100,Low,Low,0,NA,1,1,100GBASE-KR4,NONE
145,18,1,0,8,0,0,8,Medium,HIGH,0,2,0,0,0,0,0,0,0,1,130,100,Low,Low,5,TRUE,0,3,2,-2,0,4,0,1,0,0,2,Medium,High,0,10,10,1,0,1,130,100,Low,Low,0,NA,1,1,100GBASE-KR4,NONE
146,18,2,0,6,0,0,6,Medium,HIGH,0,2,0,0,0,0,0,0,0,1,130,100,Low,Low,5,TRUE,0,3,2,-2,0,4,0,1,0,0,2,Medium,High,0,10,10,1,0,1,130,100,Low,Low,0,NA,1,1,100GBASE-KR4,NONE
147,18,3,0,8,0,0,8,Medium,HIGH,0,2,0,0,0,0,0,0,0,1,130,100,Low,Low,5,TRUE,0,3,2,-2,0,4,0,1,0,0,2,Medium,High,0,10,10,1,0,1,130,100,Low,Low,0,NA,1,1,100GBASE-KR4,NONE
148,18,4,0,8,0,0,8,Medium,HIGH,0,2,0,0,0,0,0,0,0,1,130,100,Low,Low,5,TRUE,0,3,2,-2,0,4,0,1,0,0,2,Medium,High,0,10,10,1,0,1,130,100,Low,Low,0,NA,1,1,100GBASE-KR4,NONE
149,18,5,0,8,0,0,8,Medium,HIGH,0,2,0,0,0,0,0,0,0,1,130,100,Low,Low,5,TRUE,0,3,2,-2,0,4,0,1,0,0,2,Medium,High,0,10,10,1,0,1,130,100,Low,Low,0,NA,1,1,100GBASE-KR4,NONE
150,18,6,0,8,0,0,8,Medium,HIGH,0,2,0,0,0,0,0,0,0,1,130,100,Low,Low,5,TRUE,0,3,2,-2,0,4,0,1,0,0,2,Medium,High,0,10,10,1,0,1,130,100,Low,Low,0,NA,1,1,100GBASE-KR4,NONE
151,18,7,0,8,0,0,8,Medium,HIGH,0,2,0,0,0,0,0,0,0,1,130,100,Low,Low,5,TRUE,0,3,2,-2,0,4,0,1,0,0,2,Medium,High,0,10,10,1,0,1,130,100,Low,Low,0,NA,1,1,100GBASE-KR4,NONE
152,19,0,0,8,0,0,8,Medium,HIGH,0,2,0,0,0,0,0,0,0,1,130,100,Low,Low,5,TRUE,0,3,2,-2,0,4,0,1,0,0,2,Medium,High,0,10,10,1,0,1,130,100,Low,Low,0,NA,1,1,100GBASE-KR4,NONE
153,19,1,0,8,0,0,8,Medium,HIGH,0,2,0,0,0,0,0,0,0,1,130,100,Low,Low,5,TRUE,0,3,2,-2,0,4,0,1,0,0,2,Medium,High,0,10,10,1,0,1,130,100,Low,Low,0,NA,1,1,100GBASE-KR4,NONE
154,19,2,0,8,0,0,8,Medium,HIGH,0,2,0,0,0,0,0,0,0,1,130,100,Low,Low,5,TRUE,0,3,2,-2,0,4,0,1,0,0,2,Medium,High,0,10,10,1,0,1,130,100,Low,Low,0,NA,1,1,100GBASE-KR4,NONE
155,19,3,0,6,0,0,6,Medium,HIGH,0,2,0,0,0,0,0,0,0,1,130,100,Low,Low,5,TRUE,0,3,2,-2,0,4,0,1,0,0,2,Medium,High,0,10,10,1,0,1,130,100,Low,Low,0,NA,1,1,100GBASE-KR4,NONE
156,19,4,0,8,0,0,8,Medium,HIGH,0,2,0,0,0,0,0,0,0,1,130,100,Low,Low,5,TRUE,0,3,2,-2,0,4,0,1,0,0,2,Medium,High,0,10,10,1,0,1,130,100,Low,Low,0,NA,1,1,100GBASE-KR4,NONE
157,19,5,0,4,0,0,4,Medium,HIGH,0,2,0,0,0,0,0,0,0,1,130,100,Low,Low,5,TRUE,0,3,2,-2,0,4,0,1,0,0,2,Medium,High,0,10,10,1,0,1,130,100,Low,Low,0,NA,1,1,100GBASE-KR4,NONE
158,19,6,0,8,0,0,8,Medium,HIGH,0,2,0,0,0,0,0,0,0,1,130,100,Low,Low,5,TRUE,0,3,2,-2,0,4,0,1,0,0,2,Medium,High,0,10,10,1,0,1,130,100,Low,Low,0,NA,1,1,100GBASE-KR4,NONE
159,19,7,0,2,0,0,2,Medium,HIGH,0,2,0,0,0,0,0,0,0,1,130,100,Low,Low,5,TRUE,0,3,2,-2,0,4,0,1,0,0,2,Medium,High,0,10,10,1,0,1,130,100,Low,Low,0,NA,1,1,100GBASE-KR4,NONE
160,20,0,0,8,0,0,8,Medium,HIGH,0,2,0,0,0,0,0,0,0,1,130,100,Low,Low,5,TRUE,0,3,2,-2,0,4,0,1,0,0,2,Medium,High,0,10,10,1,0,1,130,100,Low,Low,0,NA,1,1,100GBASE-KR4,NONE
161,20,1,0,8,0,0,8,Medium,HIGH,0,2,0,0,0,0,0,0,0,1,130,100,Low,Low,5,TRUE,0,3,2,-2,0,4,0,1,0,0,2,Medium,High,0,10,10,1,0,1,130,100,Low,Low,0,NA,1,1,100GBASE-KR4,NONE
162,20,2,0,8,0,0,8,Medium,HIGH,0,2,0,0,0,0,0,0,0,1,130,100,Low,Low,5,TRUE,0,3,2,-2,0,4,0,1,0,0,2,Medium,High,0,10,10,1,0,1,130,100,Low,Low,0,NA,1,1,100GBASE-KR4,NONE
163,20,3,0,8,0,0,8,Medium,HIGH,0,2,0,0,0,0,0,0,0,1,130,100,Low,Low,5,TRUE,0,3,2,-2,0,4,0,1,0,0,2,Medium,High,0,10,10,1,0,1,130,100,Low,Low,0,NA,1,1,100GBASE-KR4,NONE
164,20,4,0,8,0,0,8,Medium,HIGH,0,2,0,0,0,0,0,0,0,1,130,100,Low,Low,5,TRUE,0,3,2,-2,0,4,0,1,0,0,2,Medium,High,0,10,10,1,0,1,130,100,Low,Low,0,NA,1,1,100GBASE-KR4,NONE
165,20,5,0,8,0,0,8,Medium,HIGH,0,2,0,0,0,0,0,0,0,1,130,100,Low,Low,5,TRUE,0,3,2,-2,0,4,0,1,0,0,2,Medium,High,0,10,10,1,0,1,130,100,Low,Low,0,NA,1,1,100GBASE-KR4,NONE
166,20,6,0,8,0,0,8,Medium,HIGH,0,2,0,0,0,0,0,0,0,1,130,100,Low,Low,5,TRUE,0,3,2,-2,0,4,0,1,0,0,2,Medium,High,0,10,10,1,0,1,130,100,Low,Low,0,NA,1,1,100GBASE-KR4,NONE
167,20,7,0,6,0,0,6,Medium,HIGH,0,2,0,0,0,0,0,0,0,1,130,100,Low,Low,5,TRUE,0,3,2,-2,0,4,0,1,0,0,2,Medium,High,0,10,10,1,0,1,130,100,Low,Low,0,NA,1,1,100GBASE-KR4,NONE
168,21,0,0,8,0,0,8,Medium,HIGH,0,2,0,0,0,0,0,0,0,1,130,100,Low,Low,5,TRUE,0,3,2,-2,0,4,0,1,0,0,2,Medium,High,0,10,10,1,0,1,130,100,Low,Low,0,NA,1,1,100GBASE-KR4,NONE
169,21,1,0,8,0,0,8,Medium,HIGH,0,2,0,0,0,0,0,0,0,1,130,100,Low,Low,5,TRUE,0,3,2,-2,0,4,0,1,0,0,2,Medium,High,0,10,10,1,0,1,130,100,Low,Low,0,NA,1,1,100GBASE-KR4,NONE
170,21,2,0,6,0,0,6,Medium,HIGH,0,2,0,0,0,0,0,0,0,1,130,100,Low,Low,5,TRUE,0,3,2,-2,0,4,0,1,0,0,2,Medium,High,0,10,10,1,0,1,130,100,Low,Low,0,NA,1,1,100GBASE-KR4,NONE
171,21,3,0,8,0,0,8,Medium,HIGH,0,2,0,0,0,0,0,0,0,1,130,100,Low,Low,5,TRUE,0,3,2,-2,0,4,0,1,0,0,2,Medium,High,0,10,10,1,0,1,130,100,Low,Low,0,NA,1,1,100GBASE-KR4,NONE
172,21,4,0,8,0,0,8,Medium,HIGH,0,2,0,0,0,0,0,0,0,1,130,100,Low,Low,5,TRUE,0,3,2,-2,0,4,0,1,0,0,2,Medium,High,0,10,10,1,0,1,130,100,Low,Low,0,NA,1,1,100GBASE-KR4,NONE
173,21,5,0,8,0,0,8,Medium,HIGH,0,2,0,0,0,0,0,0,0,1,130,100,Low,Low,5,TRUE,0,3,2,-2,0,4,0,1,0,0,2,Medium,High,0,10,10,1,0,1,130,100,Low,Low,0,NA,1,1,100GBASE-KR4,NONE
174,21,6,0,8,0,0,8,Medium,HIGH,0,2,0,0,0,0,0,0,0,1,130,100,Low,Low,5,TRUE,0,3,2,-2,0,4,0,1,0,0,2,Medium,High,0,10,10,1,0,1,130,100,Low,Low,0,NA,1,1,100GBASE-KR4,NONE
175,21,7,0,8,0,0,8,Medium,HIGH,0,2,0,0,0,0,0,0,0,1,130,100,Low,Low,5,TRUE,0,3,2,-2,0,4,0,1,0,0,2,Medium,High,0,10,10,1,0,1,130,100,Low,Low,0,NA,1,1,100GBASE-KR4,NONE
176,22,0,0,8,0,0,8,Medium,HIGH,0,2,0,0,0,0,0,0,0,1,130,100,Low,Low,5,TRUE,0,3,2,-2,0,4,0,1,0,0,2,Medium,High,0,10,10,1,0,1,130,100,Low,Low,0,NA,1,1,100GBASE-KR4,NONE
177,22,1,0,8,0,0,8,Medium,HIGH,0,2,0,0,0,0,0,0,0,1,130,100,Low,Low,5,TRUE,0,3,2,-2,0,4,0,1,0,0,2,Medium,High,0,10,10,1,0,1,130,100,Low,Low,0,NA,1,1,100GBASE-KR4,NONE
178,22,2,0,6,0,0,6,Medium,HIGH,0,2,0,0,0,0,0,0,0,1,130,100,Low,Low,5,TRUE,0,3,2,-2,0,4,0,1,0,0,2,Medium,High,0,10,10,1,0,1,130,100,Low,Low,0,NA,1,1,100GBASE-KR4,NONE
179,22,3,0,8,0,0,8,Medium,HIGH,0,2,0,0,0,0,0,0,0,1,130,100,Low,Low,5,TRUE,0,3,2,-2,0,4,0,1,0,0,2,Medium,High,0,10,10,1,0,1,130,100,Low,Low,0,NA,1,1,100GBASE-KR4,NONE
180,22,4,0,8,0,0,8,Medium,HIGH,0,2,0,0,0,0,0,0,0,1,130,100,Low,Low,5,TRUE,0,3,2,-2,0,4,0,1,0,0,2,Medium,High,0,10,10,1,0,1,130,100,Low,Low,0,NA,1,1,100GBASE-KR4,NONE
181,22,5,0,8,0,0,8,Medium,HIGH,0,2,0,0,0,0,0,0,0,1,130,100,Low,Low,5,TRUE,0,3,2,-2,0,4,0,1,0,0,2,Medium,High,0,10,10,1,0,1,130,100,Low,Low,0,NA,1,1,100GBASE-KR4,NONE
182,22,6,0,6,0,0,6,Medium,HIGH,0,2,0,0,0,0,0,0,0,1,130,100,Low,Low,5,TRUE,0,3,2,-2,0,4,0,1,0,0,2,Medium,High,0,10,10,1,0,1,130,100,Low,Low,0,NA,1,1,100GBASE-KR4,NONE
183,22,7,0,8,0,0,8,Medium,HIGH,0,2,0,0,0,0,0,0,0,1,130,100,Low,Low,5,TRUE,0,3,2,-2,0,4,0,1,0,0,2,Medium,High,0,10,10,1,0,1,130,100,Low,Low,0,NA,1,1,100GBASE-KR4,NONE
184,23,0,0,6,0,0,6,Medium,HIGH,0,2,0,0,0,0,0,0,0,1,130,100,Low,Low,5,TRUE,0,3,2,-2,0,4,0,1,0,0,2,Medium,High,0,10,10,1,0,1,130,100,Low,Low,0,NA,1,1,100GBASE-KR4,NONE
185,23,1,0,8,0,0,8,Medium,HIGH,0,2,0,0,0,0,0,0,0,1,130,100,Low,Low,5,TRUE,0,3,2,-2,0,4,0,1,0,0,2,Medium,High,0,10,10,1,0,1,130,100,Low,Low,0,NA,1,1,100GBASE-KR4,NONE
186,23,2,0,8,0,0,8,Medium,HIGH,0,2,0,0,0,0,0,0,0,1,130,100,Low,Low,5,TRUE,0,3,2,-2,0,4,0,1,0,0,2,Medium,High,0,10,10,1,0,1,130,100,Low,Low,0,NA,1,1,100GBASE-KR4,NONE
187,23,3,0,8,0,0,8,Medium,HIGH,0,2,0,0,0,0,0,0,0,1,130,100,Low,Low,5,TRUE,0,3,2,-2,0,4,0,1,0,0,2,Medium,High,0,10,10,1,0,1,130,100,Low,Low,0,NA,1,1,100GBASE-KR4,NONE
188,23,4,0,8,0,0,8,Medium,HIGH,0,2,0,0,0,0,0,0,0,1,130,100,Low,Low,5,TRUE,0,3,2,-2,0,4,0,1,0,0,2,Medium,High,0,10,10,1,0,1,130,100,Low,Low,0,NA,1,1,100GBASE-KR4,NONE
189,23,5,0,8,0,0,8,Medium,HIGH,0,2,0,0,0,0,0,0,0,1,130,100,Low,Low,5,TRUE,0,3,2,-2,0,4,0,1,0,0,2,Medium,High,0,10,10,1,0,1,130,100,Low,Low,0,NA,1,1,100GBASE-KR4,NONE
190,23,6,0,8,0,0,8,Medium,HIGH,0,2,0,0,0,0,0,0,0,1,130,100,Low,Low,5,TRUE,0,3,2,-2,0,4,0,1,0,0,2,Medium,High,0,10,10,1,0,1,130,100,Low,Low,0,NA,1,1,100GBASE-KR4,NONE
191,23,7,0,8,0,0,8,Medium,HIGH,0,2,0,0,0,0,0,0,0,1,130,100,Low,Low,5,TRUE,0,3,2,-2,0,4,0,1,0,0,2,Medium,High,0,10,10,1,0,1,130,100,Low,Low,0,NA,1,1,100GBASE-KR4,NONE
192,24,0,0,8,0,0,8,Medium,HIGH,0,2,0,0,0,0,0,0,0,1,130,100,Low,Low,5,TRUE,0,3,2,-2,0,4,0,1,0,0,2,Medium,High,0,10,10,1,0,1,130,100,Low,Low,0,NA,1,1,100GBASE-KR4,NONE
193,24,1,0,8,0,0,8,Medium,HIGH,0,2,0,0,0,0,0,0,0,1,130,100,Low,Low,5,TRUE,0,3,2,-2,0,4,0,1,0,0,2,Medium,High,0,10,10,1,0,1,130,100,Low,Low,0,NA,1,1,100GBASE-KR4,NONE
194,24,2,0,6,0,0,6,Medium,HIGH,0,2,0,0,0,0,0,0,0,1,130,100,Low,Low,5,TRUE,0,3,2,-2,0,4,0,1,0,0,2,Medium,High,0,10,10,1,0,1,130,100,Low,Low,0,NA,1,1,100GBASE-KR4,NONE
195,24,3,0,8,0,0,8,Medium,HIGH,0,2,0,0,0,0,0,0,0,1,130,100,Low,Low,5,TRUE,0,3,2,-2,0,4,0,1,0,0,2,Medium,High,0,10,10,1,0,1,130,100,Low,Low,0,NA,1,1,100GBASE-KR4,NONE
196,24,4,0,8,0,0,8,Medium,HIGH,0,2,0,0,0,0,0,0,0,1,130,100,Low,Low,5,TRUE,0,3,2,-2,0,4,0,1,0,0,2,Medium,High,0,10,10,1,0,1,130,100,Low,Low,0,NA,1,1,100GBASE-KR4,NONE
197,24,5,0,8,0,0,8,Medium,HIGH,0,2,0,0,0,0,0,0,0,1,130,100,Low,Low,5,TRUE,0,3,2,-2,0,4,0,1,0,0,2,Medium,High,0,10,10,1,0,1,130,100,Low,Low,0,NA,1,1,100GBASE-KR4,NONE
198,24,6,0,6,0,0,6,Medium,HIGH,0,2,0,0,0,0,0,0,0,1,130,100,Low,Low,5,TRUE,0,3,2,-2,0,4,0,1,0,0,2,Medium,High,0,10,10,1,0,1,130,100,Low,Low,0,NA,1,1,100GBASE-KR4,NONE
199,24,7,0,6,0,0,6,Medium,HIGH,0,2,0,0,0,0,0,0,0,1,130,100,Low,Low,5,TRUE,0,3,2,-2,0,4,0,1,0,0,2,Medium,High,0,10,10,1,0,1,130,100,Low,Low,0,NA,1,1,100GBASE-KR4,NONE
200,25,0,0,8,0,0,8,Medium,HIGH,0,2,0,0,0,0,0,0,0,1,130,100,Low,Low,5,TRUE,0,3,2,-2,0,4,0,1,0,0,2,Medium,High,0,10,10,1,0,1,130,100,Low,Low,0,NA,1,1,100GBASE-KR4,NONE
201,25,1,0,8,0,0,8,Medium,HIGH,0,2,0,0,0,0,0,0,0,1,130,100,Low,Low,5,TRUE,0,3,2,-2,0,4,0,1,0,0,2,Medium,High,0,10,10,1,0,1,130,100,Low,Low,0,NA,1,1,100GBASE-KR4,NONE
202,25,2,0,8,0,0,8,Medium,HIGH,0,2,0,0,0,0,0,0,0,1,130,100,Low,Low,5,TRUE,0,3,2,-2,0,4,0,1,0,0,2,Medium,High,0,10,10,1,0,1,130,100,Low,Low,0,NA,1,1,100GBASE-KR4,NONE
203,25,3,0,8,0,0,8,Medium,HIGH,0,2,0,0,0,0,0,0,0,1,130,100,Low,Low,5,TRUE,0,3,2,-2,0,4,0,1,0,0,2,Medium,High,0,10,10,1,0,1,130,100,Low,Low,0,NA,1,1,100GBASE-KR4,NONE
204,25,4,0,8,0,0,8,Medium,HIGH,0,2,0,0,0,0,0,0,0,1,130,100,Low,Low,5,TRUE,0,3,2,-2,0,4,0,1,0,0,2,Medium,High,0,10,10,1,0,1,130,100,Low,Low,0,NA,1,1,100GBASE-KR4,NONE
205,25,5,0,8,0,0,8,Medium,HIGH,0,2,0,0,0,0,0,0,0,1,130,100,Low,Low,5,TRUE,0,3,2,-2,0,4,0,1,0,0,2,Medium,High,0,10,10,1,0,1,130,100,Low,Low,0,NA,1,1,100GBASE-KR4,NONE
206,25,6,0,8,0,0,8,Medium,HIGH,0,2,0,0,0,0,0,0,0,1,130,100,Low,Low,5,TRUE,0,3,2,-2,0,4,0,1,0,0,2,Medium,High,0,10,10,1,0,1,130,100,Low,Low,0,NA,1,1,100GBASE-KR4,NONE
207,25,7,0,8,0,0,8,Medium,HIGH,0,2,0,0,0,0,0,0,0,1,130,100,Low,Low,5,TRUE,0,3,2,-2,0,4,0,1,0,0,2,Medium,High,0,10,10,1,0,1,130,100,Low,Low,0,NA,1,1,100GBASE-KR4,NONE
208,26,0,0,8,0,0,8,Medium,HIGH,0,2,0,0,0,0,0,0,0,1,130,100,Low,Low,5,TRUE,0,3,2,-2,0,4,0,1,0,0,2,Medium,High,0,10,10,1,0,1,130,100,Low,Low,0,NA,1,1,100GBASE-KR4,NONE
209,26,1,0,8,0,0,8,Medium,HIGH,0,2,0,0,0,0,0,0,0,1,130,100,Low,Low,5,TRUE,0,3,2,-2,0,4,0,1,0,0,2,Medium,High,0,10,10,1,0,1,130,100,Low,Low,0,NA,1,1,100GBASE-KR4,NONE
210,26,2,0,8,0,0,8,Medium,HIGH,0,2,0,0,0,0,0,0,0,1,130,100,Low,Low,5,TRUE,0,3,2,-2,0,4,0,1,0,0,2,Medium,High,0,10,10,1,0,1,130,100,Low,Low,0,NA,1,1,100GBASE-KR4,NONE
211,26,3,0,6,0,0,6,Medium,HIGH,0,2,0,0,0,0,0,0,0,1,130,100,Low,Low,5,TRUE,0,3,2,-2,0,4,0,1,0,0,2,Medium,High,0,10,10,1,0,1,130,100,Low,Low,0,NA,1,1,100GBASE-KR4,NONE
212,26,4,0,8,0,0,8,Medium,HIGH,0,2,0,0,0,0,0,0,0,1,130,100,Low,Low,5,TRUE,0,3,2,-2,0,4,0,1,0,0,2,Medium,High,0,10,10,1,0,1,130,100,Low,Low,0,NA,1,1,100GBASE-KR4,NONE
213,26,5,0,8,0,0,8,Medium,HIGH,0,2,0,0,0,0,0,0,0,1,130,100,Low,Low,5,TRUE,0,3,2,-2,0,4,0,1,0,0,2,Medium,High,0,10,10,1,0,1,130,100,Low,Low,0,NA,1,1,100GBASE-KR4,NONE
214,26,6,0,6,0,0,6,Medium,HIGH,0,2,0,0,0,0,0,0,0,1,130,100,Low,Low,5,TRUE,0,3,2,-2,0,4,0,1,0,0,2,Medium,High,0,10,10,1,0,1,130,100,Low,Low,0,NA,1,1,100GBASE-KR4,NONE
215,26,7,0,6,0,0,6,Medium,HIGH,0,2,0,0,0,0,0,0,0,1,130,100,Low,Low,5,TRUE,0,3,2,-2,0,4,0,1,0,0,2,Medium,High,0,10,10,1,0,1,130,100,Low,Low,0,NA,1,1,100GBASE-KR4,NONE
216,27,0,0,8,0,0,8,Medium,HIGH,0,2,0,0,0,0,0,0,0,1,130,100,Low,Low,5,TRUE,0,3,2,-2,0,4,0,1,0,0,2,Medium,High,0,10,10,1,0,1,130,100,Low,Low,0,NA,1,1,100GBASE-KR4,NONE
217,27,1,0,8,0,0,8,Medium,HIGH,0,2,0,0,0,0,0,0,0,1,130,100,Low,Low,5,TRUE,0,3,2,-2,0,4,0,1,0,0,2,Medium,High,0,10,10,1,0,1,130,100,Low,Low,0,NA,1,1,100GBASE-KR4,NONE
218,27,2,0,6,0,0,6,Medium,HIGH,0,2,0,0,0,0,0,0,0,1,130,100,Low,Low,5,TRUE,0,3,2,-2,0,4,0,1,0,0,2,Medium,High,0,10,10,1,0,1,130,100,Low,Low,0,NA,1,1,100GBASE-KR4,NONE
219,27,3,0,6,0,0,6,Medium,HIGH,0,2,0,0,0,0,0,0,0,1,130,100,Low,Low,5,TRUE,0,3,2,-2,0,4,0,1,0,0,2,Medium,High,0,10,10,1,0,1,130,100,Low,Low,0,NA,1,1,100GBASE-KR4,NONE
220,27,4,0,6,0,0,6,Medium,HIGH,0,2,0,0,0,0,0,0,0,1,130,100,Low,Low,5,TRUE,0,3,2,-2,0,4,0,1,0,0,2,Medium,High,0,10,10,1,0,1,130,100,Low,Low,0,NA,1,1,100GBASE-KR4,NONE
221,27,5,0,8,0,0,8,Medium,HIGH,0,2,0,0,0,0,0,0,0,1,130,100,Low,Low,5,TRUE,0,3,2,-2,0,4,0,1,0,0,2,Medium,High,0,10,10,1,0,1,130,100,Low,Low,0,NA,1,1,100GBASE-KR4,NONE
222,27,6,0,6,0,0,6,Medium,HIGH,0,2,0,0,0,0,0,0,0,1,130,100,Low,Low,5,TRUE,0,3,2,-2,0,4,0,1,0,0,2,Medium,High,0,10,10,1,0,1,130,100,Low,Low,0,NA,1,1,100GBASE-KR4,NONE
223,27,7,0,8,0,0,8,Medium,HIGH,0,2,0,0,0,0,0,0,0,1,130,100,Low,Low,5,TRUE,0,3,2,-2,0,4,0,1,0,0,2,Medium,High,0,10,10,1,0,1,130,100,Low,Low,0,NA,1,1,100GBASE-KR4,NONE
224,28,0,0,6,0,0,6,Medium,HIGH,0,2,0,0,0,0,0,0,0,1,130,100,Low,Low,5,TRUE,0,3,2,-2,0,4,0,1,0,0,2,Medium,High,0,10,10,1,0,1,130,100,Low,Low,0,NA,1,1,100GBASE-KR4,NONE
225,28,1,0,8,0,0,8,Medium,HIGH,0,2,0,0,0,0,0,0,0,1,130,100,Low,Low,5,TRUE,0,3,2,-2,0,4,0,1,0,0,2,Medium,High,0,10,10,1,0,1,130,100,Low,Low,0,NA,1,1,100GBASE-KR4,NONE
226,28,2,0,8,0,0,8,Medium,HIGH,0,2,0,0,0,0,0,0,0,1,130,100,Low,Low,5,TRUE,0,3,2,-2,0,4,0,1,0,0,2,Medium,High,0,10,10,1,0,1,130,100,Low,Low,0,NA,1,1,100GBASE-KR4,NONE
227,28,3,0,8,0,0,8,Medium,HIGH,0,2,0,0,0,0,0,0,0,1,130,100,Low,Low,5,TRUE,0,3,2,-2,0,4,0,1,0,0,2,Medium,High,0,10,10,1,0,1,130,100,Low,Low,0,NA,1,1,100GBASE-KR4,NONE
228,28,4,0,8,0,0,8,Medium,HIGH,0,2,0,0,0,0,0,0,0,1,130,100,Low,Low,5,TRUE,0,3,2,-2,0,4,0,1,0,0,2,Medium,High,0,10,10,1,0,1,130,100,Low,Low,0,NA,1,1,100GBASE-KR4,NONE
229,28,5,0,6,0,0,6,Medium,HIGH,0,2,0,0,0,0,0,0,0,1,130,100,Low,Low,5,TRUE,0,3,2,-2,0,4,0,1,0,0,2,Medium,High,0,10,10,1,0,1,130,100,Low,Low,0,NA,1,1,100GBASE-KR4,NONE
230,28,6,0,8,0,0,8,Medium,HIGH,0,2,0,0,0,0,0,0,0,1,130,100,Low,Low,5,TRUE,0,3,2,-2,0,4,0,1,0,0,2,Medium,High,0,10,10,1,0,1,130,100,Low,Low,0,NA,1,1,100GBASE-KR4,NONE
231,28,7,0,8,0,0,8,Medium,HIGH,0,2,0,0,0,0,0,0,0,1,130,100,Low,Low,5,TRUE,0,3,2,-2,0,4,0,1,0,0,2,Medium,High,0,10,10,1,0,1,130,100,Low,Low,0,NA,1,1,100GBASE-KR4,NONE
232,29,0,0,8,0,0,8,Medium,HIGH,0,2,0,0,0,0,0,0,0,1,130,100,Low,Low,5,TRUE,0,3,2,-2,0,4,0,1,0,0,2,Medium,High,0,10,10,1,0,1,130,100,Low,Low,0,NA,1,1,100GBASE-KR4,NONE
233,29,1,0,6,0,0,6,Medium,HIGH,0,2,0,0,0,0,0,0,0,1,130,100,Low,Low,5,TRUE,0,3,2,-2,0,4,0,1,0,0,2,Medium,High,0,10,10,1,0,1,130,100,Low,Low,0,NA,1,1,100GBASE-KR4,NONE
234,29,2,0,6,0,0,6,Medium,HIGH,0,2,0,0,0,0,0,0,0,1,130,100,Low,Low,5,TRUE,0,3,2,-2,0,4,0,1,0,0,2,Medium,High,0,10,10,1,0,1,130,100,Low,Low,0,NA,1,1,100GBASE-KR4,NONE
235,29,3,0,8,0,0,8,Medium,HIGH,0,2,0,0,0,0,0,0,0,1,130,100,Low,Low,5,TRUE,0,3,2,-2,0,4,0,1,0,0,2,Medium,High,0,10,10,1,0,1,130,100,Low,Low,0,NA,1,1,100GBASE-KR4,NONE
236,29,4,0,8,0,0,8,Medium,HIGH,0,2,0,0,0,0,0,0,0,1,130,100,Low,Low,5,TRUE,0,3,2,-2,0,4,0,1,0,0,2,Medium,High,0,10,10,1,0,1,130,100,Low,Low,0,NA,1,1,100GBASE-KR4,NONE
237,29,5,0,8,0,0,8,Medium,HIGH,0,2,0,0,0,0,0,0,0,1,130,100,Low,Low,5,TRUE,0,3,2,-2,0,4,0,1,0,0,2,Medium,High,0,10,10,1,0,1,130,100,Low,Low,0,NA,1,1,100GBASE-KR4,NONE
238,29,6,0,8,0,0,8,Medium,HIGH,0,2,0,0,0,0,0,0,0,1,130,100,Low,Low,5,TRUE,0,3,2,-2,0,4,0,1,0,0,2,Medium,High,0,10,10,1,0,1,130,100,Low,Low,0,NA,1,1,100GBASE-KR4,NONE
239,29,7,0,6,0,0,6,Medium,HIGH,0,2,0,0,0,0,0,0,0,1,130,100,Low,Low,5,TRUE,0,3,2,-2,0,4,0,1,0,0,2,Medium,High,0,10,10,1,0,1,130,100,Low,Low,0,NA,1,1,100GBASE-KR4,NONE
240,30,0,0,6,0,0,6,Medium,HIGH,0,2,0,0,0,0,0,0,0,1,130,100,Low,Low,5,TRUE,0,3,2,-2,0,4,0,1,0,0,2,Medium,High,0,10,10,1,0,1,130,100,Low,Low,0,NA,1,1,100GBASE-KR4,NONE
241,30,1,0,8,0,0,8,Medium,HIGH,0,2,0,0,0,0,0,0,0,1,130,100,Low,Low,5,TRUE,0,3,2,-2,0,4,0,1,0,0,2,Medium,High,0,10,10,1,0,1,130,100,Low,Low,0,NA,1,1,100GBASE-KR4,NONE
242,30,2,0,6,0,0,6,Medium,HIGH,0,2,0,0,0,0,0,0,0,1,130,100,Low,Low,5,TRUE,0,3,2,-2,0,4,0,1,0,0,2,Medium,High,0,10,10,1,0,1,130,100,Low,Low,0,NA,1,1,100GBASE-KR4,NONE
243,30,3,0,6,0,0,6,Medium,HIGH,0,2,0,0,0,0,0,0,0,1,130,100,Low,Low,5,TRUE,0,3,2,-2,0,4,0,1,0,0,2,Medium,High,0,10,10,1,0,1,130,100,Low,Low,0,NA,1,1,100GBASE-KR4,NONE
244,30,4,0,6,0,0,6,Medium,HIGH,0,2,0,0,0,0,0,0,0,1,130,100,Low,Low,5,TRUE,0,3,2,-2,0,4,0,1,0,0,2,Medium,High,0,10,10,1,0,1,130,100,Low,Low,0,NA,1,1,100GBASE-KR4,NONE
245,30,5,0,8,0,0,8,Medium,HIGH,0,2,0,0,0,0,0,0,0,1,130,100,Low,Low,5,TRUE,0,3,2,-2,0,4,0,1,0,0,2,Medium,High,0,10,10,1,0,1,130,100,Low,Low,0,NA,1,1,100GBASE-KR4,NONE
246,30,6,0,8,0,0,8,Medium,HIGH,0,2,0,0,0,0,0,0,0,1,130,100,Low,Low,5,TRUE,0,3,2,-2,0,4,0,1,0,0,2,Medium,High,0,10,10,1,0,1,130,100,Low,Low,0,NA,1,1,100GBASE-KR4,NONE
247,30,7,0,8,0,0,8,Medium,HIGH,0,2,0,0,0,0,0,0,0,1,130,100,Low,Low,5,TRUE,0,3,2,-2,0,4,0,1,0,0,2,Medium,High,0,10,10,1,0,1,130,100,Low,Low,0,NA,1,1,100GBASE-KR4,NONE
248,31,0,0,8,0,0,8,Medium,HIGH,0,2,0,0,0,0,0,0,0,1,130,100,Low,Low,5,TRUE,0,3,2,-2,0,4,0,1,0,0,2,Medium,High,0,10,10,1,0,1,130,100,Low,Low,0,NA,1,1,100GBASE-KR4,NONE
249,31,1,0,8,0,0,8,Medium,HIGH,0,2,0,0,0,0,0,0,0,1,130,100,Low,Low,5,TRUE,0,3,2,-2,0,4,0,1,0,0,2,Medium,High,0,10,10,1,0,1,130,100,Low,Low,0,NA,1,1,100GBASE-KR4,NONE
250,31,2,0,6,0,0,6,Medium,HIGH,0,2,0,0,0,0,0,0,0,1,130,100,Low,Low,5,TRUE,0,3,2,-2,0,4,0,1,0,0,2,Medium,High,0,10,10,1,0,1,130,100,Low,Low,0,NA,1,1,100GBASE-KR4,NONE
251,31,3,0,8,0,0,8,Medium,HIGH,0,2,0,0,0,0,0,0,0,1,130,100,Low,Low,5,TRUE,0,3,2,-2,0,4,0,1,0,0,2,Medium,High,0,10,10,1,0,1,130,100,Low,Low,0,NA,1,1,100GBASE-KR4,NONE
252,31,4,0,8,0,0,8,Medium,HIGH,0,2,0,0,0,0,0,0,0,1,130,100,Low,Low,5,TRUE,0,3,2,-2,0,4,0,1,0,0,2,Medium,High,0,10,10,1,0,1,130,100,Low,Low,0,NA,1,1,100GBASE-KR4,NONE
253,31,5,0,8,0,0,8,Medium,HIGH,0,2,0,0,0,0,0,0,0,1,130,100,Low,Low,5,TRUE,0,3,2,-2,0,4,0,1,0,0,2,Medium,High,0,10,10,1,0,1,130,100,Low,Low,0,NA,1,1,100GBASE-KR4,NONE
254,31,6,0,8,0,0,8,Medium,HIGH,0,2,0,0,0,0,0,0,0,1,130,100,Low,Low,5,TRUE,0,3,2,-2,0,4,0,1,0,0,2,Medium,High,0,10,10,1,0,1,130,100,Low,Low,0,NA,1,1,100GBASE-KR4,NONE
255,31,7,0,8,0,0,8,Medium,HIGH,0,2,0,0,0,0,0,0,0,1,130,100,Low,Low,5,TRUE,0,3,2,-2,0,4,0,1,0,0,2,Medium,High,0,10,10,1,0,1,130,100,Low,Low,0,NA,1,1,100GBASE-KR4,NONE
256,32,0,0,0,0,0,0,Medium,HIGH,0,2,0,0,0,0,0,0,0,1,130,100,Low,Low,5,TRUE,0,3,2,-2,0,4,0,1,0,0,2,Medium,High,0,10,10,1,0,1,130,100,Low,Low,0,NA,1,1,10GBASE-CR4,NONE
257,32,1,0,0,0,0,0,Medium,HIGH,0,2,0,0,0,0,0,0,0,1,130,100,Low,Low,5,TRUE,0,3,2,-2,0,4,0,1,0,0,2,Medium,High,0,10,10,1,0,1,130,100,Low,Low,0,NA,1,1,10GBASE-CR4,NONE
