VERSION,CABLE TYPE,VENDOR,,,,,,,,,,,,,,,,,,,,,,,,,,,,,,,,,,
1.2,OPTICS,GENERIC,,,,,,,,,,,,,,,,,,,,,,,,,,,,,,,,,,
,,,SPEED,ENCODING,,,,,,,,,,SPEED,ENCODING,,,,,,,,,,,,,,SPEED,ENCODING,,,,,,
,,,50G/400G,PAM4,,,,,,,,,,25G/100G,NRZ,,,,,,,,,,,,,,10G/40G,NRZ,,,,,,
index,Front Port,lane,TX_EQ_ATTN,TX_EQ_PRE1,TX_EQ_PRE2,TX_EQ_PRE3,TX_EQ_POST,Optical Module CTLE,RX_EQ_COARSE_TUNE_EFFORT_50G,RX_EQ_FINE_TUNE_EFFORT_50G,RX_GAINSHAPE1,RX_GAINSHAPE2,LINK_TRAINING,TX_EQ_ATTN,TX_EQ_PRE1,TX_EQ_PRE2,TX_EQ_PRE3,TX_EQ_POST,Optical Module CTLE,RX_GAINSHAPE1,RX_GAINSHAPE2,RX_AGC_TARGET,RX_EYE_DISQUALIFY_THRESHOLD_25G,RX_EQ_COARSE_TUNE_EFFORT_25G,RX_EQ_FINE_TUNE_EFFORT_25G,SD_RESET_THRESHOLD,SD_RESET_25G,LINK_TRAINING,TX_EQ_ATTN,TX_EQ_PRE1,TX_EQ_PRE2,TX_EQ_PRE3,TX_EQ_POST,RX_GAINSHAPE1,RX_GAINSHAPE2,LINK_TRAINING
0,0,0,0,4,0,0,4,4.5,Medium,High,0,2,0,0,4,0,0,4,3,0,0,100,100,High,High,NA,FALSE,0,0,0,0,0,0,0,0,0
1,0,1,0,4,-1,0,2,6,Medium,High,0,2,0,0,4,0,0,4,4,0,0,100,100,High,High,NA,FALSE,0,0,0,0,0,0,0,0,0
2,0,2,0,4,0,0,0,6,Medium,High,0,2,0,0,4,0,0,4,3,0,0,100,100,High,High,NA,FALSE,0,0,0,0,0,0,0,0,0
3,0,3,0,4,0,0,4,4.5,Medium,High,0,2,0,0,4,0,0,4,3,0,0,100,100,High,High,NA,FALSE,0,0,0,0,0,0,0,0,0
4,0,4,0,4,0,0,4,5.5,Medium,High,0,2,0,0,4,0,0,4,4,0,0,100,100,High,High,NA,FALSE,0,0,0,0,0,0,0,0,0
5,0,5,0,4,0,0,4,5.5,Medium,High,0,2,0,0,2,0,0,4,4,0,0,100,100,High,High,NA,FALSE,0,0,0,0,0,0,0,0,0
6,0,6,0,4,0,0,4,5.5,Medium,High,0,2,0,0,4,0,0,4,4,0,0,100,100,High,High,NA,FALSE,0,0,0,0,0,0,0,0,0
7,0,7,0,4,0,0,4,5,Medium,High,0,2,0,0,4,0,0,4,4,0,0,100,100,High,High,NA,FALSE,0,0,0,0,0,0,0,0,0
8,1,0,0,4,0,0,2,4.5,Medium,High,0,2,0,0,4,0,0,0,5,0,0,100,100,LOW,LOW,NA,FALSE,0,0,0,0,0,0,0,0,0
9,1,1,0,4,0,0,2,5.5,Medium,High,0,2,0,0,2,0,0,2,5,0,0,100,100,LOW,LOW,NA,FALSE,0,0,0,0,0,0,0,0,0
10,1,2,0,4,0,0,0,6,Medium,High,0,2,0,0,4,0,0,2,4,0,0,100,100,LOW,LOW,NA,FALSE,0,0,0,0,0,0,0,0,0
11,1,3,0,4,0,0,2,5.5,Medium,High,0,2,0,0,4,0,0,2,4,0,0,100,100,LOW,LOW,NA,FALSE,0,0,0,0,0,0,0,0,0
12,1,4,0,4,0,0,2,5.5,Medium,High,0,2,0,0,4,-1,0,4,4,0,0,100,100,LOW,LOW,NA,FALSE,0,0,0,0,0,0,0,0,0
13,1,5,0,4,0,0,2,5.5,Medium,High,0,2,0,0,4,0,0,2,4,0,0,100,100,LOW,LOW,NA,FALSE,0,0,0,0,0,0,0,0,0
14,1,6,0,4,0,0,4,5,Medium,High,0,2,0,0,4,0,0,6,3,0,0,100,100,LOW,LOW,NA,FALSE,0,0,0,0,0,0,0,0,0
15,1,7,0,4,0,0,2,5.5,Medium,High,0,2,0,0,4,0,0,2,4,0,0,100,100,LOW,LOW,NA,FALSE,0,0,0,0,0,0,0,0,0
16,2,0,0,4,0,0,0,6,Medium,High,0,2,0,0,2,0,0,4,3,0,0,100,100,LOW,LOW,NA,FALSE,0,0,0,0,0,0,0,0,0
17,2,1,0,4,0,0,2,5.5,Medium,High,0,2,0,0,2,0,0,4,4,0,0,100,100,LOW,LOW,NA,FALSE,0,0,0,0,0,0,0,0,0
18,2,2,0,4,0,0,0,6,Medium,High,0,2,0,0,2,0,0,2,4,0,0,100,100,LOW,LOW,NA,FALSE,0,0,0,0,0,0,0,0,0
19,2,3,0,4,0,0,0,6,Medium,High,0,2,0,0,4,0,0,2,4,0,0,100,100,LOW,LOW,NA,FALSE,0,0,0,0,0,0,0,0,0
20,2,4,0,4,0,0,4,5,Medium,High,0,2,0,0,2,0,0,2,4,0,0,100,100,LOW,LOW,NA,FALSE,0,0,0,0,0,0,0,0,0
21,2,5,0,4,0,0,2,5.5,Medium,High,0,2,0,0,4,0,0,2,4,0,0,100,100,LOW,LOW,NA,FALSE,0,0,0,0,0,0,0,0,0
22,2,6,0,4,0,0,4,5,Medium,High,0,2,0,0,2,0,0,4,4,0,0,100,100,LOW,LOW,NA,FALSE,0,0,0,0,0,0,0,0,0
23,2,7,0,4,0,0,2,5,Medium,High,0,2,0,0,4,0,0,2,4,0,0,100,100,LOW,LOW,NA,FALSE,0,0,0,0,0,0,0,0,0
24,3,0,0,4,0,0,2,5.5,Medium,High,0,2,0,0,4,0,0,2,4,0,0,100,100,LOW,LOW,NA,FALSE,0,0,0,0,0,0,0,0,0
25,3,1,0,4,0,0,2,5,Medium,High,0,2,0,0,4,0,0,2,4,0,0,100,100,LOW,LOW,NA,FALSE,0,0,0,0,0,0,0,0,0
26,3,2,0,4,0,0,0,5.5,Medium,High,0,2,0,0,4,0,0,2,4,0,0,100,100,LOW,LOW,NA,FALSE,0,0,0,0,0,0,0,0,0
27,3,3,0,4,0,0,2,5.5,Medium,High,0,2,0,0,4,0,0,2,4,0,0,100,100,LOW,LOW,NA,FALSE,0,0,0,0,0,0,0,0,0
28,3,4,0,4,-1,0,0,5.5,Medium,High,0,2,0,0,4,0,0,4,3,0,0,100,100,LOW,LOW,NA,FALSE,0,0,0,0,0,0,0,0,0
29,3,5,0,4,0,0,2,5,Medium,High,0,2,0,0,4,0,0,2,4,0,0,100,100,LOW,LOW,NA,FALSE,0,0,0,0,0,0,0,0,0
30,3,6,0,2,0,0,4,4.5,Medium,High,0,2,0,0,4,0,0,2,4,0,0,100,100,LOW,LOW,NA,FALSE,0,0,0,0,0,0,0,0,0
31,3,7,0,4,0,0,2,5,Medium,High,0,2,0,0,4,0,0,2,4,0,0,100,100,LOW,LOW,NA,FALSE,0,0,0,0,0,0,0,0,0
32,4,0,0,4,0,0,2,4,Medium,High,0,2,0,0,4,0,1,2,3,0,0,100,100,LOW,LOW,NA,FALSE,0,0,0,0,0,0,0,0,0
33,4,1,0,2,0,0,2,5.5,Medium,High,0,2,0,0,4,0,0,2,4,0,0,100,100,LOW,LOW,NA,FALSE,0,0,0,0,0,0,0,0,0
34,4,2,0,4,0,0,2,4,Medium,High,0,2,0,0,2,0,0,2,3,0,0,100,100,LOW,LOW,NA,FALSE,0,0,0,0,0,0,0,0,0
35,4,3,0,4,0,0,2,4.5,Medium,High,0,2,0,0,4,0,0,2,4,0,0,100,100,LOW,LOW,NA,FALSE,0,0,0,0,0,0,0,0,0
36,4,4,0,4,0,0,2,5.5,Medium,High,0,2,0,0,2,0,0,2,4,0,0,100,100,LOW,LOW,NA,FALSE,0,0,0,0,0,0,0,0,0
37,4,5,0,4,0,0,2,5,Medium,High,0,2,0,0,2,0,0,2,4,0,0,100,100,LOW,LOW,NA,FALSE,0,0,0,0,0,0,0,0,0
38,4,6,0,4,0,0,2,5.5,Medium,High,0,2,0,0,2,0,0,2,4,0,0,100,100,LOW,LOW,NA,FALSE,0,0,0,0,0,0,0,0,0
39,4,7,0,4,0,0,2,4.5,Medium,High,0,2,0,0,4,0,0,0,4,0,0,100,100,LOW,LOW,NA,FALSE,0,0,0,0,0,0,0,0,0
40,5,0,0,4,0,0,0,5,Medium,High,0,2,0,0,4,0,0,0,4,0,0,100,100,LOW,LOW,NA,FALSE,0,0,0,0,0,0,0,0,0
41,5,1,0,4,0,0,0,5,Medium,High,0,2,0,0,4,0,0,0,4,0,0,100,100,LOW,LOW,NA,FALSE,0,0,0,0,0,0,0,0,0
42,5,2,0,4,0,0,2,5,Medium,High,0,2,0,0,4,0,0,2,4,0,0,100,100,LOW,LOW,NA,FALSE,0,0,0,0,0,0,0,0,0
43,5,3,0,4,0,0,0,5,Medium,High,0,2,0,0,4,0,0,0,5,0,0,100,100,LOW,LOW,NA,FALSE,0,0,0,0,0,0,0,0,0
44,5,4,0,4,0,0,2,4.5,Medium,High,0,2,0,0,4,0,0,0,4,0,0,100,100,LOW,LOW,NA,FALSE,0,0,0,0,0,0,0,0,0
45,5,5,0,2,0,0,4,4,Medium,High,0,2,0,0,4,0,0,2,4,0,0,100,100,LOW,LOW,NA,FALSE,0,0,0,0,0,0,0,0,0
46,5,6,0,4,0,0,2,5,Medium,High,0,2,0,0,4,0,0,2,4,0,0,100,100,LOW,LOW,NA,FALSE,0,0,0,0,0,0,0,0,0
47,5,7,0,4,0,0,0,5,Medium,High,0,2,0,0,4,0,0,2,4,0,0,100,100,LOW,LOW,NA,FALSE,0,0,0,0,0,0,0,0,0
48,6,0,0,4,0,0,0,5,Medium,High,0,2,0,0,4,0,0,2,4,0,0,100,100,LOW,LOW,NA,FALSE,0,0,0,0,0,0,0,0,0
49,6,1,0,4,0,0,2,5.5,Medium,High,0,2,0,0,4,0,0,2,4,0,0,100,100,LOW,LOW,NA,FALSE,0,0,0,0,0,0,0,0,0
50,6,2,0,4,0,0,2,4,Medium,High,0,2,0,0,4,-1,0,0,4,0,0,100,100,LOW,LOW,NA,FALSE,0,0,0,0,0,0,0,0,0
51,6,3,0,4,0,0,0,5.5,Medium,High,0,2,0,0,2,0,0,2,4,0,0,100,100,LOW,LOW,NA,FALSE,0,0,0,0,0,0,0,0,0
52,6,4,0,4,0,0,2,5.5,Medium,High,0,2,0,0,2,0,0,2,4,0,0,100,100,LOW,LOW,NA,FALSE,0,0,0,0,0,0,0,0,0
53,6,5,0,4,0,0,2,5.5,Medium,High,0,2,0,0,2,0,0,2,4,0,0,100,100,LOW,LOW,NA,FALSE,0,0,0,0,0,0,0,0,0
54,6,6,0,2,0,0,2,5.5,Medium,High,0,2,0,0,2,0,1,2,4,0,0,100,100,LOW,LOW,NA,FALSE,0,0,0,0,0,0,0,0,0
55,6,7,0,4,0,0,2,4.5,Medium,High,0,2,0,0,4,0,0,2,4,0,0,100,100,LOW,LOW,NA,FALSE,0,0,0,0,0,0,0,0,0
56,7,0,0,4,0,0,0,5.5,Medium,High,0,2,0,0,4,0,0,0,4,0,0,100,100,LOW,LOW,NA,FALSE,0,0,0,0,0,0,0,0,0
57,7,1,0,4,0,0,0,5.5,Medium,High,0,2,0,0,4,0,0,0,5,0,0,100,100,LOW,LOW,NA,FALSE,0,0,0,0,0,0,0,0,0
58,7,2,0,4,-1,0,0,5.5,Medium,High,0,2,0,0,4,0,0,0,4,0,0,100,100,LOW,LOW,NA,FALSE,0,0,0,0,0,0,0,0,0
59,7,3,0,4,0,0,2,4,Medium,High,0,2,0,0,4,0,0,0,4,0,0,100,100,LOW,LOW,NA,FALSE,0,0,0,0,0,0,0,0,0
60,7,4,0,4,0,0,0,5,Medium,High,0,2,0,0,4,0,0,0,4,0,0,100,100,LOW,LOW,NA,FALSE,0,0,0,0,0,0,0,0,0
61,7,5,0,4,0,0,0,4.5,Medium,High,0,2,0,0,4,0,0,2,4,0,0,100,100,LOW,LOW,NA,FALSE,0,0,0,0,0,0,0,0,0
62,7,6,0,4,0,0,0,5.5,Medium,High,0,2,0,0,4,0,0,0,4,0,0,100,100,LOW,LOW,NA,FALSE,0,0,0,0,0,0,0,0,0
63,7,7,0,4,0,0,4,4,Medium,High,0,2,0,1,4,0,0,0,4,0,0,100,100,LOW,LOW,NA,FALSE,0,0,0,0,0,0,0,0,0
64,8,0,0,4,0,0,4,4.5,Medium,High,0,2,0,0,4,0,0,4,4,0,0,100,100,LOW,LOW,NA,FALSE,0,0,0,0,0,0,0,0,0
65,8,1,0,4,0,0,4,5,Medium,High,0,2,0,0,4,0,0,4,4,0,0,100,100,LOW,LOW,NA,FALSE,0,0,0,0,0,0,0,0,0
66,8,2,0,4,0,0,2,6,Medium,High,0,2,0,0,4,0,0,4,4,0,0,100,100,LOW,LOW,NA,FALSE,0,0,0,0,0,0,0,0,0
67,8,3,0,4,0,0,2,5,Medium,High,0,2,0,0,4,0,0,4,4,0,0,100,100,LOW,LOW,NA,FALSE,0,0,0,0,0,0,0,0,0
68,8,4,0,4,0,0,4,6,Medium,High,0,2,0,0,2,0,0,4,4,0,0,100,100,LOW,LOW,NA,FALSE,0,0,0,0,0,0,0,0,0
69,8,5,0,4,0,0,4,5.5,Medium,High,0,2,0,0,4,0,0,4,4,0,0,100,100,LOW,LOW,NA,FALSE,0,0,0,0,0,0,0,0,0
70,8,6,0,2,0,0,4,6,Medium,High,0,2,0,0,4,0,0,4,4,0,0,100,100,LOW,LOW,NA,FALSE,0,0,0,0,0,0,0,0,0
71,8,7,0,4,0,0,4,4.5,Medium,High,0,2,0,0,4,0,0,2,5,0,0,100,100,LOW,LOW,NA,FALSE,0,0,0,0,0,0,0,0,0
72,9,0,0,4,0,0,4,5.5,Medium,High,0,2,0,0,2,0,0,4,4,0,0,100,100,LOW,LOW,NA,FALSE,0,0,0,0,0,0,0,0,0
73,9,1,0,4,0,0,0,6.5,Medium,High,0,2,0,0,4,0,0,4,4,0,0,100,100,LOW,LOW,NA,FALSE,0,0,0,0,0,0,0,0,0
74,9,2,0,4,0,0,4,5.5,Medium,High,0,2,0,0,4,0,0,4,5,0,0,100,100,LOW,LOW,NA,FALSE,0,0,0,0,0,0,0,0,0
75,9,3,0,4,0,0,0,6.5,Medium,High,0,2,0,0,4,0,0,4,3,0,0,100,100,LOW,LOW,NA,FALSE,0,0,0,0,0,0,0,0,0
76,9,4,0,4,0,0,4,6,Medium,High,0,2,0,0,4,0,0,4,4,0,0,100,100,LOW,LOW,NA,FALSE,0,0,0,0,0,0,0,0,0
77,9,5,0,4,0,0,4,5.5,Medium,High,0,2,0,0,4,0,0,4,4,0,0,100,100,LOW,LOW,NA,FALSE,0,0,0,0,0,0,0,0,0
78,9,6,0,4,0,0,2,6,Medium,High,0,2,0,0,2,0,0,4,4,0,0,100,100,LOW,LOW,NA,FALSE,0,0,0,0,0,0,0,0,0
79,9,7,0,4,0,0,4,5.5,Medium,High,0,2,0,0,4,0,0,4,4,0,0,100,100,LOW,LOW,NA,FALSE,0,0,0,0,0,0,0,0,0
80,10,0,0,4,0,0,4,4,Medium,High,0,2,0,0,4,0,0,4,3,0,0,100,100,LOW,LOW,NA,FALSE,0,0,0,0,0,0,0,0,0
81,10,1,0,4,0,0,4,5.5,Medium,High,0,2,0,0,4,0,0,4,4,0,0,100,100,LOW,LOW,NA,FALSE,0,0,0,0,0,0,0,0,0
82,10,2,0,4,0,0,4,4,Medium,High,0,2,0,0,4,0,0,2,4,0,0,100,100,LOW,LOW,NA,FALSE,0,0,0,0,0,0,0,0,0
83,10,3,0,4,0,0,2,6,Medium,High,0,2,0,0,4,0,0,4,4,0,0,100,100,LOW,LOW,NA,FALSE,0,0,0,0,0,0,0,0,0
84,10,4,0,4,-1,0,4,6,Medium,High,0,2,0,0,4,0,0,4,5,0,0,100,100,LOW,LOW,NA,FALSE,0,0,0,0,0,0,0,0,0
85,10,5,0,4,0,0,4,5.5,Medium,High,0,2,0,0,4,0,0,4,4,0,0,100,100,LOW,LOW,NA,FALSE,0,0,0,0,0,0,0,0,0
86,10,6,0,4,0,0,4,5,Medium,High,0,2,0,0,4,0,0,4,4,0,0,100,100,LOW,LOW,NA,FALSE,0,0,0,0,0,0,0,0,0
87,10,7,0,4,0,0,4,4.5,Medium,High,0,2,0,0,4,0,0,4,4,0,0,100,100,LOW,LOW,NA,FALSE,0,0,0,0,0,0,0,0,0
88,11,0,0,4,0,0,0,6.5,Medium,High,0,2,0,0,4,0,0,2,4,0,0,100,100,LOW,LOW,NA,FALSE,0,0,0,0,0,0,0,0,0
89,11,1,0,4,0,0,2,5.5,Medium,High,0,2,0,0,4,0,0,2,4,0,0,100,100,LOW,LOW,NA,FALSE,0,0,0,0,0,0,0,0,0
90,11,2,0,4,0,0,0,6,Medium,High,0,2,0,0,4,0,1,0,4,0,0,100,100,LOW,LOW,NA,FALSE,0,0,0,0,0,0,0,0,0
91,11,3,0,4,0,0,0,5.5,Medium,High,0,2,0,0,4,0,0,2,4,0,0,100,100,LOW,LOW,NA,FALSE,0,0,0,0,0,0,0,0,0
92,11,4,0,4,0,0,4,5,Medium,High,0,2,0,0,4,0,0,4,4,0,0,100,100,LOW,LOW,NA,FALSE,0,0,0,0,0,0,0,0,0
93,11,5,0,4,0,0,2,7,Medium,High,0,2,0,0,4,0,0,4,4,0,0,100,100,LOW,LOW,NA,FALSE,0,0,0,0,0,0,0,0,0
94,11,6,0,4,0,0,2,5.5,Medium,High,0,2,0,0,4,0,0,2,4,0,0,100,100,LOW,LOW,NA,FALSE,0,0,0,0,0,0,0,0,0
95,11,7,0,4,0,0,2,5,Medium,High,0,2,0,0,4,0,0,2,4,0,0,100,100,LOW,LOW,NA,FALSE,0,0,0,0,0,0,0,0,0
96,12,0,0,4,0,0,0,5,Medium,High,0,2,0,0,4,0,0,2,4,0,0,100,100,LOW,LOW,NA,FALSE,0,0,0,0,0,0,0,0,0
97,12,1,0,4,0,0,2,5.5,Medium,High,0,2,0,0,4,0,0,2,5,0,0,100,100,LOW,LOW,NA,FALSE,0,0,0,0,0,0,0,0,0
98,12,2,0,4,0,0,0,5.5,Medium,High,0,2,0,0,4,0,0,0,4,0,0,100,100,LOW,LOW,NA,FALSE,0,0,0,0,0,0,0,0,0
99,12,3,0,4,0,0,2,5,Medium,High,0,2,0,0,4,0,0,0,5,0,0,100,100,LOW,LOW,NA,FALSE,0,0,0,0,0,0,0,0,0
100,12,4,0,4,0,0,2,6,Medium,High,0,2,0,0,4,0,0,2,4,0,0,100,100,LOW,LOW,NA,FALSE,0,0,0,0,0,0,0,0,0
101,12,5,0,4,0,0,2,5.5,Medium,High,0,2,0,0,4,0,0,2,4,0,0,100,100,LOW,LOW,NA,FALSE,0,0,0,0,0,0,0,0,0
102,12,6,0,4,0,0,4,4.5,Medium,High,0,2,0,0,2,0,0,2,4,0,0,100,100,LOW,LOW,NA,FALSE,0,0,0,0,0,0,0,0,0
103,12,7,0,4,0,0,0,5.5,Medium,High,0,2,0,1,4,0,0,0,5,0,0,100,100,LOW,LOW,NA,FALSE,0,0,0,0,0,0,0,0,0
104,13,0,0,2,0,0,4,4.5,Medium,High,0,2,0,0,4,-1,0,0,5,0,0,100,100,LOW,LOW,NA,FALSE,0,0,0,0,0,0,0,0,0
105,13,1,0,4,0,0,0,5,Medium,High,0,2,0,0,4,0,0,0,5,0,0,100,100,LOW,LOW,NA,FALSE,0,0,0,0,0,0,0,0,0
106,13,2,0,4,0,0,0,5,Medium,High,0,2,0,0,4,0,0,0,4,0,0,100,100,LOW,LOW,NA,FALSE,0,0,0,0,0,0,0,0,0
107,13,3,0,2,0,0,2,4.5,Medium,High,0,2,0,1,4,0,0,0,4,0,0,100,100,LOW,LOW,NA,FALSE,0,0,0,0,0,0,0,0,0
108,13,4,0,4,0,0,2,6,Medium,High,0,2,0,0,4,0,0,2,4,0,0,100,100,LOW,LOW,NA,FALSE,0,0,0,0,0,0,0,0,0
109,13,5,0,4,0,0,4,4,Medium,High,0,2,0,0,4,0,1,0,5,0,0,100,100,LOW,LOW,NA,FALSE,0,0,0,0,0,0,0,0,0
110,13,6,0,4,0,0,0,5,Medium,High,0,2,0,0,4,0,0,2,4,0,0,100,100,LOW,LOW,NA,FALSE,0,0,0,0,0,0,0,0,0
111,13,7,0,4,-1,0,0,5,Medium,High,0,2,0,0,4,-1,0,0,4,0,0,100,100,LOW,LOW,NA,FALSE,0,0,0,0,0,0,0,0,0
112,14,0,0,4,0,0,0,5,Medium,High,0,2,0,0,2,0,0,2,2,0,0,100,100,LOW,LOW,NA,FALSE,0,0,0,0,0,0,0,0,0
113,14,1,0,4,0,0,2,4.5,Medium,High,0,2,0,0,2,0,0,2,4,0,0,100,100,LOW,LOW,NA,FALSE,0,0,0,0,0,0,0,0,0
114,14,2,0,4,0,0,0,5,Medium,High,0,2,0,0,4,0,1,0,4,0,0,100,100,LOW,LOW,NA,FALSE,0,0,0,0,0,0,0,0,0
115,14,3,0,4,0,0,0,5,Medium,High,0,2,0,1,4,0,0,0,4,0,0,100,100,LOW,LOW,NA,FALSE,0,0,0,0,0,0,0,0,0
116,14,4,0,4,0,0,4,4.5,Medium,High,0,2,0,0,2,0,0,2,4,0,0,100,100,LOW,LOW,NA,FALSE,0,0,0,0,0,0,0,0,0
117,14,5,0,4,0,0,2,5.5,Medium,High,0,2,0,0,4,0,0,2,4,0,0,100,100,LOW,LOW,NA,FALSE,0,0,0,0,0,0,0,0,0
118,14,6,0,4,0,0,0,5.5,Medium,High,0,2,0,0,4,0,0,0,4,0,0,100,100,LOW,LOW,NA,FALSE,0,0,0,0,0,0,0,0,0
119,14,7,0,4,0,0,0,5,Medium,High,0,2,0,1,4,0,0,0,4,0,0,100,100,LOW,LOW,NA,FALSE,0,0,0,0,0,0,0,0,0
120,15,0,0,4,0,0,2,5.5,Medium,High,0,2,0,0,4,0,0,0,4,0,0,100,100,LOW,LOW,NA,FALSE,0,0,0,0,0,0,0,0,0
121,15,1,0,4,0,0,0,5.5,Medium,High,0,2,0,0,4,0,0,0,4,0,0,100,100,LOW,LOW,NA,FALSE,0,0,0,0,0,0,0,0,0
122,15,2,0,4,0,0,0,5,Medium,High,0,2,0,0,4,0,0,2,4,0,0,100,100,LOW,LOW,NA,FALSE,0,0,0,0,0,0,0,0,0
123,15,3,0,4,0,0,0,5.5,Medium,High,0,2,0,0,4,0,0,0,4,0,0,100,100,LOW,LOW,NA,FALSE,0,0,0,0,0,0,0,0,0
124,15,4,0,4,-1,0,0,5,Medium,High,0,2,0,0,4,0,0,0,4,0,0,100,100,LOW,LOW,NA,FALSE,0,0,0,0,0,0,0,0,0
125,15,5,0,4,0,0,0,5,Medium,High,0,2,0,0,4,-1,0,0,5,0,0,100,100,LOW,LOW,NA,FALSE,0,0,0,0,0,0,0,0,0
126,15,6,0,4,0,0,0,4.5,Medium,High,0,2,0,0,4,0,0,0,4,0,0,100,100,LOW,LOW,NA,FALSE,0,0,0,0,0,0,0,0,0
127,15,7,0,4,0,0,0,5.5,Medium,High,0,2,0,0,2,0,0,2,4,0,0,100,100,LOW,LOW,NA,FALSE,0,0,0,0,0,0,0,0,0
128,16,0,0,2,0,0,2,4.5,Medium,High,0,2,0,0,2,0,0,2,4,0,0,100,100,LOW,LOW,NA,FALSE,0,0,0,0,0,0,0,0,0
129,16,1,0,4,0,0,0,5,Medium,High,0,2,0,0,4,0,0,0,4,0,0,100,100,LOW,LOW,NA,FALSE,0,0,0,0,0,0,0,0,0
130,16,2,0,4,0,0,0,5.5,Medium,High,0,2,0,0,4,0,1,0,4,0,0,100,100,LOW,LOW,NA,FALSE,0,0,0,0,0,0,0,0,0
131,16,3,0,4,0,0,2,4.5,Medium,High,0,2,0,0,4,0,0,2,4,0,0,100,100,LOW,LOW,NA,FALSE,0,0,0,0,0,0,0,0,0
132,16,4,0,4,0,0,0,5.5,Medium,High,0,2,0,0,2,0,0,2,4,0,0,100,100,LOW,LOW,NA,FALSE,0,0,0,0,0,0,0,0,0
133,16,5,0,2,0,0,2,5,Medium,High,0,2,0,0,4,0,0,0,5,0,0,100,100,LOW,LOW,NA,FALSE,0,0,0,0,0,0,0,0,0
134,16,6,0,4,0,0,0,6.5,Medium,High,0,2,0,0,2,0,0,2,4,0,0,100,100,LOW,LOW,NA,FALSE,0,0,0,0,0,0,0,0,0
135,16,7,0,4,0,0,2,5,Medium,High,0,2,0,0,4,0,1,2,4,0,0,100,100,LOW,LOW,NA,FALSE,0,0,0,0,0,0,0,0,0
136,17,0,0,4,0,0,0,5.5,Medium,High,0,2,0,0,4,0,0,0,5,0,0,100,100,LOW,LOW,NA,FALSE,0,0,0,0,0,0,0,0,0
137,17,1,0,4,0,0,0,5.5,Medium,High,0,2,0,0,4,0,0,0,4,0,0,100,100,LOW,LOW,NA,FALSE,0,0,0,0,0,0,0,0,0
138,17,2,0,4,0,0,0,5,Medium,High,0,2,0,0,4,0,0,2,4,0,0,100,100,LOW,LOW,NA,FALSE,0,0,0,0,0,0,0,0,0
139,17,3,0,4,0,0,0,5.5,Medium,High,0,2,0,0,4,0,0,2,4,0,0,100,100,LOW,LOW,NA,FALSE,0,0,0,0,0,0,0,0,0
140,17,4,1,4,0,0,0,5.5,Medium,High,0,2,0,0,4,0,0,2,4,0,0,100,100,LOW,LOW,NA,FALSE,0,0,0,0,0,0,0,0,0
141,17,5,0,4,0,0,0,5.5,Medium,High,0,2,0,0,4,0,0,0,5,0,0,100,100,LOW,LOW,NA,FALSE,0,0,0,0,0,0,0,0,0
142,17,6,0,4,0,0,2,4.5,Medium,High,0,2,0,0,4,0,0,2,4,0,0,100,100,LOW,LOW,NA,FALSE,0,0,0,0,0,0,0,0,0
143,17,7,0,4,0,0,2,5,Medium,High,0,2,0,1,4,0,0,0,4,0,0,100,100,LOW,LOW,NA,FALSE,0,0,0,0,0,0,0,0,0
144,18,0,0,4,0,0,2,4.5,Medium,High,0,2,0,0,4,0,0,2,4,0,0,100,100,LOW,LOW,NA,FALSE,0,0,0,0,0,0,0,0,0
145,18,1,0,4,0,0,2,5,Medium,High,0,2,0,0,2,0,0,2,4,0,0,100,100,LOW,LOW,NA,FALSE,0,0,0,0,0,0,0,0,0
146,18,2,0,4,0,0,0,5.5,Medium,High,0,2,0,0,4,0,0,2,4,0,0,100,100,LOW,LOW,NA,FALSE,0,0,0,0,0,0,0,0,0
147,18,3,0,4,0,0,2,5,Medium,High,0,2,0,0,2,0,0,2,4,0,0,100,100,LOW,LOW,NA,FALSE,0,0,0,0,0,0,0,0,0
148,18,4,0,2,0,0,0,7,Medium,High,0,2,0,0,4,0,0,2,4,0,0,100,100,LOW,LOW,NA,FALSE,0,0,0,0,0,0,0,0,0
149,18,5,0,2,0,0,2,5.5,Medium,High,0,2,0,0,2,0,0,2,4,0,0,100,100,LOW,LOW,NA,FALSE,0,0,0,0,0,0,0,0,0
150,18,6,0,4,0,0,2,5.5,Medium,High,0,2,0,0,2,0,0,2,4,0,0,100,100,LOW,LOW,NA,FALSE,0,0,0,0,0,0,0,0,0
151,18,7,0,4,0,0,4,4,Medium,High,0,2,0,0,2,0,0,2,4,0,0,100,100,LOW,LOW,NA,FALSE,0,0,0,0,0,0,0,0,0
152,19,0,0,2,0,0,0,5.5,Medium,High,0,2,0,0,4,0,0,0,4,0,0,100,100,LOW,LOW,NA,FALSE,0,0,0,0,0,0,0,0,0
153,19,1,0,4,0,0,2,5.5,Medium,High,0,2,0,0,2,0,0,2,4,0,0,100,100,LOW,LOW,NA,FALSE,0,0,0,0,0,0,0,0,0
154,19,2,0,4,0,0,0,5,Medium,High,0,2,0,0,4,0,0,0,4,0,0,100,100,LOW,LOW,NA,FALSE,0,0,0,0,0,0,0,0,0
155,19,3,0,4,0,0,-2,6,Medium,High,0,2,0,0,4,-1,0,0,5,0,0,100,100,LOW,LOW,NA,FALSE,0,0,0,0,0,0,0,0,0
156,19,4,0,4,0,0,0,5,Medium,High,0,2,0,0,4,0,0,0,5,0,0,100,100,LOW,LOW,NA,FALSE,0,0,0,0,0,0,0,0,0
157,19,5,0,4,0,0,0,4.5,Medium,High,0,2,0,0,2,0,0,2,4,0,0,100,100,LOW,LOW,NA,FALSE,0,0,0,0,0,0,0,0,0
158,19,6,0,4,0,0,2,4.5,Medium,High,0,2,0,0,4,0,0,0,5,0,0,100,100,LOW,LOW,NA,FALSE,0,0,0,0,0,0,0,0,0
159,19,7,0,4,0,0,0,5,Medium,High,0,2,0,0,4,0,0,0,4,0,0,100,100,LOW,LOW,NA,FALSE,0,0,0,0,0,0,0,0,0
160,20,0,0,4,0,0,2,5,Medium,High,0,2,0,0,4,0,0,2,4,0,0,100,100,LOW,LOW,NA,FALSE,0,0,0,0,0,0,0,0,0
161,20,1,0,2,0,0,2,5,Medium,High,0,2,0,0,2,0,0,2,4,0,0,100,100,LOW,LOW,NA,FALSE,0,0,0,0,0,0,0,0,0
162,20,2,0,4,0,0,4,4.5,Medium,High,0,2,0,0,4,0,0,2,4,0,0,100,100,LOW,LOW,NA,FALSE,0,0,0,0,0,0,0,0,0
163,20,3,0,4,0,0,0,5.5,Medium,High,0,2,0,0,4,0,0,2,4,0,0,100,100,LOW,LOW,NA,FALSE,0,0,0,0,0,0,0,0,0
164,20,4,0,2,0,0,2,5,Medium,High,0,2,0,0,4,0,0,2,4,0,0,100,100,LOW,LOW,NA,FALSE,0,0,0,0,0,0,0,0,0
165,20,5,0,4,0,0,2,5.5,Medium,High,0,2,0,0,2,0,0,2,4,0,0,100,100,LOW,LOW,NA,FALSE,0,0,0,0,0,0,0,0,0
166,20,6,0,4,0,0,4,4.5,Medium,High,0,2,0,0,4,0,0,2,4,0,0,100,100,LOW,LOW,NA,FALSE,0,0,0,0,0,0,0,0,0
167,20,7,0,4,0,0,2,5.5,Medium,High,0,2,0,0,2,0,0,2,4,0,0,100,100,LOW,LOW,NA,FALSE,0,0,0,0,0,0,0,0,0
168,21,0,0,4,0,0,0,5.5,Medium,High,0,2,0,0,4,0,0,0,5,0,0,100,100,LOW,LOW,NA,FALSE,0,0,0,0,0,0,0,0,0
169,21,1,0,4,-1,0,0,6,Medium,High,0,2,0,0,4,0,0,2,4,0,0,100,100,LOW,LOW,NA,FALSE,0,0,0,0,0,0,0,0,0
170,21,2,0,4,0,0,0,5.5,Medium,High,0,2,0,0,4,0,0,0,4,0,0,100,100,LOW,LOW,NA,FALSE,0,0,0,0,0,0,0,0,0
171,21,3,0,4,0,0,0,5.5,Medium,High,0,2,0,0,2,0,0,2,4,0,0,100,100,LOW,LOW,NA,FALSE,0,0,0,0,0,0,0,0,0
172,21,4,0,4,0,0,2,4.5,Medium,High,0,2,0,0,4,0,0,2,4,0,0,100,100,LOW,LOW,NA,FALSE,0,0,0,0,0,0,0,0,0
173,21,5,0,4,0,0,2,4.5,Medium,High,0,2,0,0,4,0,0,2,4,0,0,100,100,LOW,LOW,NA,FALSE,0,0,0,0,0,0,0,0,0
174,21,6,0,2,0,0,2,5,Medium,High,0,2,0,0,4,0,0,2,4,0,0,100,100,LOW,LOW,NA,FALSE,0,0,0,0,0,0,0,0,0
175,21,7,0,4,0,0,2,4.5,Medium,High,0,2,0,0,2,0,0,2,4,0,0,100,100,LOW,LOW,NA,FALSE,0,0,0,0,0,0,0,0,0
176,22,0,0,4,0,0,4,5,Medium,High,0,2,0,0,2,0,0,4,4,0,0,100,100,LOW,LOW,NA,FALSE,0,0,0,0,0,0,0,0,0
177,22,1,0,4,0,0,2,5.5,Medium,High,0,2,0,0,4,0,0,2,4,0,0,100,100,LOW,LOW,NA,FALSE,0,0,0,0,0,0,0,0,0
178,22,2,0,4,0,0,2,5.5,Medium,High,0,2,0,0,2,0,0,4,3,0,0,100,100,LOW,LOW,NA,FALSE,0,0,0,0,0,0,0,0,0
179,22,3,0,4,-1,0,4,5.5,Medium,High,0,2,0,0,2,0,0,4,4,0,0,100,100,LOW,LOW,NA,FALSE,0,0,0,0,0,0,0,0,0
180,22,4,0,4,0,0,4,4.5,Medium,High,0,2,0,0,2,-1,0,4,4,0,0,100,100,LOW,LOW,NA,FALSE,0,0,0,0,0,0,0,0,0
181,22,5,0,4,0,0,4,4.5,Medium,High,0,2,0,0,2,0,0,4,4,0,0,100,100,LOW,LOW,NA,FALSE,0,0,0,0,0,0,0,0,0
182,22,6,0,4,0,0,4,5,Medium,High,0,2,0,0,4,0,0,4,4,0,0,100,100,LOW,LOW,NA,FALSE,0,0,0,0,0,0,0,0,0
183,22,7,0,4,0,0,4,5,Medium,High,0,2,0,0,2,0,0,4,4,0,0,100,100,LOW,LOW,NA,FALSE,0,0,0,0,0,0,0,0,0
184,23,0,0,2,0,0,2,6,Medium,High,0,2,0,0,2,0,0,2,4,0,0,100,100,LOW,LOW,NA,FALSE,0,0,0,0,0,0,0,0,0
185,23,1,0,4,0,0,4,4.5,Medium,High,0,2,0,0,4,0,0,2,4,0,0,100,100,LOW,LOW,NA,FALSE,0,0,0,0,0,0,0,0,0
186,23,2,0,4,0,0,2,6,Medium,High,0,2,0,0,4,0,0,2,4,0,0,100,100,LOW,LOW,NA,FALSE,0,0,0,0,0,0,0,0,0
187,23,3,0,4,0,0,0,6,Medium,High,0,2,0,0,4,0,0,4,4,0,0,100,100,LOW,LOW,NA,FALSE,0,0,0,0,0,0,0,0,0
188,23,4,0,4,0,0,2,5,Medium,High,0,2,0,0,2,0,0,4,4,0,0,100,100,LOW,LOW,NA,FALSE,0,0,0,0,0,0,0,0,0
189,23,5,0,4,0,0,2,5,Medium,High,0,2,0,0,2,0,0,2,4,0,0,100,100,LOW,LOW,NA,FALSE,0,0,0,0,0,0,0,0,0
190,23,6,0,4,0,0,2,5,Medium,High,0,2,0,0,4,0,0,2,4,0,0,100,100,LOW,LOW,NA,FALSE,0,0,0,0,0,0,0,0,0
191,23,7,0,4,0,0,4,5.5,Medium,High,0,2,0,0,4,0,0,2,5,0,0,100,100,LOW,LOW,NA,FALSE,0,0,0,0,0,0,0,0,0
192,24,0,0,4,0,0,2,5,Medium,High,0,2,0,0,4,0,0,2,4,0,0,100,100,LOW,LOW,NA,FALSE,0,0,0,0,0,0,0,0,0
193,24,1,0,2,0,0,2,5,Medium,High,0,2,0,0,4,0,0,2,4,0,0,100,100,LOW,LOW,NA,FALSE,0,0,0,0,0,0,0,0,0
194,24,2,0,4,0,0,2,4.5,Medium,High,0,2,0,0,4,0,0,0,5,0,0,100,100,LOW,LOW,NA,FALSE,0,0,0,0,0,0,0,0,0
195,24,3,0,4,0,0,0,5.5,Medium,High,0,2,0,0,4,0,0,2,4,0,0,100,100,LOW,LOW,NA,FALSE,0,0,0,0,0,0,0,0,0
196,24,4,0,4,0,0,4,4.5,Medium,High,0,2,0,0,2,0,0,2,4,0,0,100,100,LOW,LOW,NA,FALSE,0,0,0,0,0,0,0,0,0
197,24,5,0,4,0,0,2,5,Medium,High,0,2,0,0,2,0,0,2,4,0,0,100,100,LOW,LOW,NA,FALSE,0,0,0,0,0,0,0,0,0
198,24,6,0,4,0,0,2,4.5,Medium,High,0,2,0,0,4,0,0,0,4,0,0,100,100,LOW,LOW,NA,FALSE,0,0,0,0,0,0,0,0,0
199,24,7,0,4,0,0,2,4,Medium,High,0,2,0,0,4,0,0,0,4,0,0,100,100,LOW,LOW,NA,FALSE,0,0,0,0,0,0,0,0,0
200,25,0,0,4,0,0,0,5.5,Medium,High,0,2,0,0,4,0,0,0,4,0,0,100,100,LOW,LOW,NA,FALSE,0,0,0,0,0,0,0,0,0
201,25,1,0,4,0,0,0,5,Medium,High,0,2,0,0,4,0,0,0,4,0,0,100,100,LOW,LOW,NA,FALSE,0,0,0,0,0,0,0,0,0
202,25,2,0,4,0,0,2,4.5,Medium,High,0,2,0,0,4,0,0,0,4,0,0,100,100,LOW,LOW,NA,FALSE,0,0,0,0,0,0,0,0,0
203,25,3,0,4,0,0,2,5,Medium,High,0,2,0,0,4,0,0,0,4,0,0,100,100,LOW,LOW,NA,FALSE,0,0,0,0,0,0,0,0,0
204,25,4,0,4,0,0,0,5.5,Medium,High,0,2,0,0,2,0,0,2,4,0,0,100,100,LOW,LOW,NA,FALSE,0,0,0,0,0,0,0,0,0
205,25,5,0,4,0,0,0,5,Medium,High,0,2,0,1,4,0,0,0,4,0,0,100,100,LOW,LOW,NA,FALSE,0,0,0,0,0,0,0,0,0
206,25,6,0,4,0,0,2,5,Medium,High,0,2,0,0,4,-1,0,2,4,0,0,100,100,LOW,LOW,NA,FALSE,0,0,0,0,0,0,0,0,0
207,25,7,0,4,0,0,2,5,Medium,High,0,2,0,0,4,0,0,0,5,0,0,100,100,LOW,LOW,NA,FALSE,0,0,0,0,0,0,0,0,0
208,26,0,0,4,0,0,2,5.5,Medium,High,0,2,0,0,4,0,-1,2,4,0,0,100,100,LOW,LOW,NA,FALSE,0,0,0,0,0,0,0,0,0
209,26,1,0,4,0,0,2,5,Medium,High,0,2,0,0,4,0,0,2,4,0,0,100,100,LOW,LOW,NA,FALSE,0,0,0,0,0,0,0,0,0
210,26,2,0,4,0,0,0,5,Medium,High,0,2,0,0,4,0,0,0,4,0,0,100,100,LOW,LOW,NA,FALSE,0,0,0,0,0,0,0,0,0
211,26,3,0,4,0,0,2,4.5,Medium,High,0,2,0,0,2,0,0,2,4,0,0,100,100,LOW,LOW,NA,FALSE,0,0,0,0,0,0,0,0,0
212,26,4,0,2,0,0,2,5,Medium,High,0,2,0,0,2,0,0,2,4,0,0,100,100,LOW,LOW,NA,FALSE,0,0,0,0,0,0,0,0,0
213,26,5,0,4,0,0,0,5.5,Medium,High,0,2,0,0,2,0,0,2,4,0,0,100,100,LOW,LOW,NA,FALSE,0,0,0,0,0,0,0,0,0
214,26,6,0,4,0,0,4,3.5,Medium,High,0,2,0,0,2,-1,0,2,4,0,0,100,100,LOW,LOW,NA,FALSE,0,0,0,0,0,0,0,0,0
215,26,7,0,4,0,0,0,5,Medium,High,0,2,0,0,4,0,0,0,4,0,0,100,100,LOW,LOW,NA,FALSE,0,0,0,0,0,0,0,0,0
216,27,0,0,4,0,0,2,5,Medium,High,0,2,0,0,4,0,0,2,4,0,0,100,100,LOW,LOW,NA,FALSE,0,0,0,0,0,0,0,0,0
217,27,1,0,4,0,0,2,6,Medium,High,0,2,0,0,4,0,0,2,4,0,0,100,100,LOW,LOW,NA,FALSE,0,0,0,0,0,0,0,0,0
218,27,2,0,4,0,0,2,5,Medium,High,0,2,0,0,4,0,0,0,4,0,0,100,100,LOW,LOW,NA,FALSE,0,0,0,0,0,0,0,0,0
219,27,3,0,4,0,0,4,5,Medium,High,0,2,0,0,4,0,0,2,5,0,0,100,100,LOW,LOW,NA,FALSE,0,0,0,0,0,0,0,0,0
220,27,4,0,4,0,0,2,5,Medium,High,0,2,0,0,4,0,0,2,4,0,0,100,100,LOW,LOW,NA,FALSE,0,0,0,0,0,0,0,0,0
221,27,5,0,4,0,0,4,4.5,Medium,High,0,2,0,0,4,0,0,2,4,0,0,100,100,LOW,LOW,NA,FALSE,0,0,0,0,0,0,0,0,0
222,27,6,0,2,0,0,0,6,Medium,High,0,2,0,0,4,0,0,2,5,0,0,100,100,LOW,LOW,NA,FALSE,0,0,0,0,0,0,0,0,0
223,27,7,0,4,0,0,2,5.5,Medium,High,0,2,0,0,4,0,0,2,4,0,0,100,100,LOW,LOW,NA,FALSE,0,0,0,0,0,0,0,0,0
224,28,0,0,4,0,0,0,5,Medium,High,0,2,0,0,4,0,0,2,4,0,0,100,100,LOW,LOW,NA,FALSE,0,0,0,0,0,0,0,0,0
225,28,1,0,4,0,0,2,4.5,Medium,High,0,2,0,0,4,0,0,2,3,0,0,100,100,LOW,LOW,NA,FALSE,0,0,0,0,0,0,0,0,0
226,28,2,0,4,0,0,0,4.5,Medium,High,0,2,0,0,4,0,0,0,4,0,0,100,100,LOW,LOW,NA,FALSE,0,0,0,0,0,0,0,0,0
227,28,3,0,4,0,0,2,5,Medium,High,0,2,0,0,4,0,0,2,4,0,0,100,100,LOW,LOW,NA,FALSE,0,0,0,0,0,0,0,0,0
228,28,4,0,4,0,0,2,4.5,Medium,High,0,2,0,0,4,0,0,2,4,0,0,100,100,LOW,LOW,NA,FALSE,0,0,0,0,0,0,0,0,0
229,28,5,0,2,0,0,2,5,Medium,High,0,2,0,0,4,0,0,2,4,0,0,100,100,LOW,LOW,NA,FALSE,0,0,0,0,0,0,0,0,0
230,28,6,0,2,0,0,2,4.5,Medium,High,0,2,0,0,4,0,0,2,4,0,0,100,100,LOW,LOW,NA,FALSE,0,0,0,0,0,0,0,0,0
231,28,7,0,4,0,0,2,5,Medium,High,0,2,0,0,4,0,0,0,4,0,0,100,100,LOW,LOW,NA,FALSE,0,0,0,0,0,0,0,0,0
232,29,0,0,4,0,0,4,4,Medium,High,0,2,0,0,4,0,0,2,4,0,0,100,100,LOW,LOW,NA,FALSE,0,0,0,0,0,0,0,0,0
233,29,1,0,4,0,0,4,5.5,Medium,High,0,2,0,0,4,0,0,4,4,0,0,100,100,LOW,LOW,NA,FALSE,0,0,0,0,0,0,0,0,0
234,29,2,0,4,0,0,2,5,Medium,High,0,2,0,0,4,0,0,2,3,0,0,100,100,LOW,LOW,NA,FALSE,0,0,0,0,0,0,0,0,0
235,29,3,0,4,0,0,2,5,Medium,High,0,2,0,0,4,0,0,2,4,0,0,100,100,LOW,LOW,NA,FALSE,0,0,0,0,0,0,0,0,0
236,29,4,0,4,0,0,2,5,Medium,High,0,2,0,0,2,0,0,2,4,0,0,100,100,LOW,LOW,NA,FALSE,0,0,0,0,0,0,0,0,0
237,29,5,0,4,0,0,4,5.5,Medium,High,0,2,0,0,4,0,0,2,4,0,0,100,100,LOW,LOW,NA,FALSE,0,0,0,0,0,0,0,0,0
238,29,6,0,4,0,0,2,5,Medium,High,0,2,0,0,2,0,0,2,4,0,0,100,100,LOW,LOW,NA,FALSE,0,0,0,0,0,0,0,0,0
239,29,7,0,4,0,0,2,5,Medium,High,0,2,0,0,4,0,0,2,4,0,0,100,100,LOW,LOW,NA,FALSE,0,0,0,0,0,0,0,0,0
240,30,0,0,4,0,0,2,4.5,Medium,High,0,2,0,0,4,0,0,2,3,0,0,100,100,LOW,LOW,NA,FALSE,0,0,0,0,0,0,0,0,0
241,30,1,0,4,0,0,2,5.5,Medium,High,0,2,0,0,2,0,0,4,4,0,0,100,100,LOW,LOW,NA,FALSE,0,0,0,0,0,0,0,0,0
242,30,2,0,4,0,0,2,5,Medium,High,0,2,0,0,4,0,0,2,4,0,0,100,100,LOW,LOW,NA,FALSE,0,0,0,0,0,0,0,0,0
243,30,3,0,2,0,0,2,6,Medium,High,0,2,0,0,2,0,0,4,4,0,0,100,100,LOW,LOW,NA,FALSE,0,0,0,0,0,0,0,0,0
244,30,4,0,4,0,0,2,5,Medium,High,0,2,0,0,4,0,0,4,4,0,0,100,100,LOW,LOW,NA,FALSE,0,0,0,0,0,0,0,0,0
245,30,5,0,4,0,0,4,5,Medium,High,0,2,0,0,4,0,0,4,4,0,0,100,100,LOW,LOW,NA,FALSE,0,0,0,0,0,0,0,0,0
246,30,6,0,4,0,0,4,4.5,Medium,High,0,2,0,0,4,0,0,4,4,0,0,100,100,LOW,LOW,NA,FALSE,0,0,0,0,0,0,0,0,0
247,30,7,0,4,0,0,4,5,Medium,High,0,2,0,0,2,0,0,4,4,0,0,100,100,LOW,LOW,NA,FALSE,0,0,0,0,0,0,0,0,0
248,31,0,0,4,0,0,4,4.5,Medium,High,0,2,0,0,4,0,0,4,4,0,0,100,100,LOW,LOW,NA,FALSE,0,0,0,0,0,0,0,0,0
249,31,1,0,4,0,-1,2,5.5,Medium,High,0,2,0,0,4,0,1,2,4,0,0,100,100,LOW,LOW,NA,FALSE,0,0,0,0,0,0,0,0,0
250,31,2,0,4,0,0,2,4.5,Medium,High,0,2,0,0,4,0,0,2,4,0,0,100,100,LOW,LOW,NA,FALSE,0,0,0,0,0,0,0,0,0
251,31,3,0,4,0,0,4,4.5,Medium,High,0,2,0,0,4,0,0,2,4,0,0,100,100,LOW,LOW,NA,FALSE,0,0,0,0,0,0,0,0,0
252,31,4,0,4,-1,0,4,5.5,Medium,High,0,2,0,0,4,0,0,4,4,0,0,100,100,LOW,LOW,NA,FALSE,0,0,0,0,0,0,0,0,0
253,31,5,0,4,0,0,4,6,Medium,High,0,2,0,0,4,0,0,4,4,0,0,100,100,LOW,LOW,NA,FALSE,0,0,0,0,0,0,0,0,0
254,31,6,0,4,0,0,2,5,Medium,High,0,2,0,0,4,-1,0,2,4,0,0,100,100,LOW,LOW,NA,FALSE,0,0,0,0,0,0,0,0,0
255,31,7,0,4,0,0,2,5.5,Medium,High,0,2,0,0,4,0,0,2,4,0,0,100,100,LOW,LOW,NA,FALSE,0,0,0,0,0,0,0,0,0
,,,,,,,,,,,,,,,,,,,,,,,,,,,,,,,,,,,,
,,,,,,,,,,,,,,,,,,,,,,,,,,,,,,,,,,,,
,,,,,,,,,,,,,,,,,,,,,,,,,,,,,,,,,,,,
,,,,,,,,,,,,,,,,,,,,,,,,,,,,,,,,,,,,
,,,,,,,,,,,,,,,,,,,,,,,,,,,,,,,,,,,,
,,,,,,,,,,,,,,,,,,,,,,,,,,,,,,,,,,,,
,,,,,,,,,,,,,,,,,,,,,,,,,,,,,,,,,,,,
,,,,,,,,,,,,,,,,,,,,,,,,,,,,,,,,,,,,
,,,,,,,,,,,,,,,,,,,,,,,,,,,,,,,,,,,,
,,,,,,,,,,,,,,,,,,,,,,,,,,,,,,,,,,,,
,,,,,,,,,,,,,,,,,,,,,,,,,,,,,,,,,,,,
,,,,,,,,,,,,,,,,,,,,,,,,,,,,,,,,,,,,
,,,,,,,,,,,,,,,,,,,,,,,,,,,,,,,,,,,,
,,,,,,,,,,,,,,,,,,,,,,,,,,,,,,,,,,,,
,,,,,,,,,,,,,,,,,,,,,,,,,,,,,,,,,,,,
,,,,,,,,,,,,,,,,,,,,,,,,,,,,,,,,,,,,
,,,,,,,,,,,,,,,,,,,,,,,,,,,,,,,,,,,,
,,,,,,,,,,,,,,,,,,,,,,,,,,,,,,,,,,,,
,,,,,,,,,,,,,,,,,,,,,,,,,,,,,,,,,,,,
,,,,,,,,,,,,,,,,,,,,,,,,,,,,,,,,,,,,
,,,,,,,,,,,,,,,,,,,,,,,,,,,,,,,,,,,,
,,,,,,,,,,,,,,,,,,,,,,,,,,,,,,,,,,,,
,,,,,,,,,,,,,,,,,,,,,,,,,,,,,,,,,,,,
,,,,,,,,,,,,,,,,,,,,,,,,,,,,,,,,,,,,
,,,,,,,,,,,,,,,,,,,,,,,,,,,,,,,,,,,,
,,,,,,,,,,,,,,,,,,,,,,,,,,,,,,,,,,,,
,,,,,,,,,,,,,,,,,,,,,,,,,,,,,,,,,,,,
,,,,,,,,,,,,,,,,,,,,,,,,,,,,,,,,,,,,
